City/County,January 2021,February 2021,March 2021,April 2021,May 2021,June 2021,July 2021,August 2021,September 2021,October 2021,November 2021,December 2021,,CY Total
,,,,,,,,,,,,,,
 Allen County ," $179,656.95 "," $198,296.15 "," $198,852.35 "," $170,017.20 "," $220,698.15 "," $233,208.62 "," $207,534.60 "," $222,248.65 "," $245,825.97 "," $216,890.47 "," $164,501.77 "," $282,431.55 ",," $2,540,162.43 "
 Anderson County ," $99,419.17 "," $107,801.82 "," $92,757.01 "," $96,370.25 "," $122,369.53 "," $126,893.61 "," $114,436.59 "," $116,107.46 "," $122,823.17 "," $116,000.97 "," $109,329.40 "," $173,739.93 ",," $1,398,048.91 "
 Atchison County ," $185,101.29 "," $215,743.10 "," $205,204.58 "," $197,686.55 "," $221,956.34 "," $229,019.17 "," $211,991.30 "," $214,438.53 "," $228,991.91 "," $219,069.96 "," $191,141.28 "," $257,749.86 ",," $2,578,093.87 "
 Barber County ," $50,604.13 "," $52,913.17 "," $48,676.21 "," $51,192.55 "," $58,379.28 "," $62,516.17 "," $54,357.94 "," $53,762.62 "," $57,264.24 "," $55,271.06 "," $60,790.18 "," $81,992.53 ",," $687,720.08 "
 Barton County ," $367,322.15 "," $423,958.68 "," $392,671.82 "," $348,589.39 "," $447,790.31 "," $475,422.65 "," $426,024.48 "," $437,259.74 "," $434,690.56 "," $416,877.04 "," $422,853.79 "," $499,718.62 ",," $5,093,179.23 "
 Bourbon County ," $204,613.01 "," $236,593.52 "," $216,878.50 "," $191,873.53 "," $240,316.16 "," $236,051.96 "," $238,346.58 "," $238,763.20 "," $256,592.02 "," $226,813.05 "," $190,646.32 "," $286,630.90 ",," $2,764,118.75 "
 Brown County ," $108,237.76 "," $130,697.72 "," $108,204.43 "," $102,704.94 "," $128,193.40 "," $113,510.05 "," $122,663.92 "," $115,738.24 "," $115,629.36 "," $107,685.45 "," $105,823.07 "," $136,309.86 ",," $1,395,398.20 "
 Butler County , $31.13 , $1.20 , $145.51 , $368.91 , $-   , $-   , $35.89 , $75.60 , $965.27 , $28.42 , $-   , $-   ,," $1,651.93 "
 Chase County ," $22,764.27 "," $20,041.60 "," $22,412.77 "," $21,582.66 "," $20,011.44 "," $26,683.86 "," $26,539.77 "," $24,145.84 "," $25,604.44 "," $25,197.38 "," $21,204.18 "," $30,437.19 ",," $286,625.40 "
 Chautauqua County ," $51,508.12 "," $49,710.36 "," $46,113.76 "," $46,844.60 "," $49,706.52 "," $55,519.94 "," $47,124.27 "," $49,442.22 "," $63,742.40 "," $54,325.67 "," $50,306.34 "," $68,090.22 ",," $632,434.42 "
 Cherokee County ," $190,236.82 "," $180,629.19 "," $207,667.75 "," $193,219.25 "," $190,647.60 "," $135,010.20 "," $130,572.64 "," $123,100.16 "," $197,603.81 "," $187,353.07 "," $159,536.88 "," $240,689.90 ",," $2,136,267.27 "
 Cheyenne County ," $39,718.37 "," $52,298.58 "," $42,097.13 "," $42,147.75 "," $56,452.70 "," $42,935.32 "," $50,251.49 "," $52,790.79 "," $56,116.24 "," $50,181.36 "," $50,832.81 "," $61,472.91 ",," $597,295.45 "
 Clay County ," $93,732.88 "," $107,062.11 "," $85,273.37 "," $88,694.36 "," $113,236.45 "," $102,835.81 "," $110,052.01 "," $188,934.16 "," $115,582.18 "," $100,474.11 "," $95,454.85 "," $137,487.98 ",," $1,338,820.27 "
 Cloud County ," $108,337.63 "," $120,509.61 "," $116,275.49 "," $112,122.53 "," $125,983.36 "," $137,205.78 "," $131,879.79 "," $126,058.69 "," $128,508.59 "," $118,463.14 "," $110,159.62 "," $153,822.98 ",," $1,489,327.21 "
 Cowley County , $-   , $427.12 , $69.16 , $102.40 , $185.77 , $51.54 , $82.47 , $34.27 , $131.67 , $-   , $-   , $-   ,," $1,084.40 "
 Crawford County ," $437,663.23 "," $501,988.27 "," $440,995.33 "," $403,349.99 "," $511,714.99 "," $513,800.27 "," $488,549.48 "," $466,848.48 "," $518,516.32 "," $491,748.68 "," $394,062.94 "," $626,045.28 ",," $5,795,283.26 "
 Decatur County ," $26,483.66 "," $23,374.67 "," $21,868.76 "," $18,334.55 "," $26,922.60 "," $21,825.82 "," $22,091.99 "," $27,199.68 "," $29,616.17 "," $25,406.03 "," $26,116.36 "," $29,491.54 ",," $298,731.83 "
 Dickinson County ," $278,898.22 "," $281,013.20 "," $275,569.85 "," $256,203.17 "," $305,878.21 "," $337,582.01 "," $311,403.36 "," $311,978.82 "," $330,305.08 "," $307,913.48 "," $243,055.63 "," $375,366.11 ",," $3,615,167.14 "
 Doniphan County ," $63,434.84 "," $50,973.64 "," $48,291.79 "," $51,287.16 "," $15,627.88 "," $53,210.15 "," $58,579.17 "," $57,999.58 "," $60,039.40 "," $50,201.40 "," $43,396.60 "," $66,058.77 ",," $619,100.38 "
 Douglas County ," $1,749,368.23 "," $2,036,249.18 "," $1,862,244.24 "," $1,675,934.20 "," $2,105,164.80 "," $2,106,066.16 "," $2,068,914.21 "," $1,934,091.60 "," $2,125,628.43 "," $2,088,614.81 "," $1,732,279.89 "," $2,537,733.38 ",," $24,022,289.13 "
 Edwards County ," $24,529.08 "," $25,876.12 "," $35,160.76 "," $20,953.84 "," $27,680.67 "," $24,009.88 "," $32,110.81 "," $23,166.78 "," $22,235.73 "," $24,639.99 "," $32,378.62 "," $28,383.00 ",," $321,125.28 "
 Elk County ," $19,982.62 "," $21,409.50 "," $18,404.35 "," $17,977.71 "," $23,742.18 "," $25,661.53 "," $18,656.81 "," $24,150.12 "," $24,102.41 "," $22,237.25 "," $27,759.19 "," $30,889.26 ",," $274,972.93 "
 Ellis County ," $265,770.25 "," $296,893.18 "," $281,839.60 "," $237,666.88 "," $324,204.93 "," $311,989.61 "," $296,638.47 "," $324,977.79 "," $337,936.37 "," $426,487.58 "," $310,927.86 "," $389,569.07 ",," $3,804,901.59 "
 Ellsworth County ," $50,019.49 "," $57,700.33 "," $51,864.67 "," $45,965.78 "," $53,099.54 "," $59,736.83 "," $56,583.29 "," $57,576.42 "," $58,313.59 "," $64,451.03 "," $53,533.84 "," $75,518.25 ",," $684,363.06 "
 Finney County ," $880,941.42 "," $984,095.42 "," $945,580.83 "," $846,373.97 "," $1,091,750.83 "," $1,012,857.10 "," $1,055,795.07 "," $999,487.35 "," $1,039,460.91 "," $1,115,958.73 "," $991,829.59 "," $1,187,422.86 ",," $12,151,554.08 "
 Ford County ," $482,404.81 "," $535,020.55 "," $509,363.31 "," $474,816.62 "," $595,825.16 "," $568,704.18 "," $576,809.36 "," $572,577.32 "," $592,895.76 "," $594,551.28 "," $459,709.02 "," $672,156.65 ",," $6,634,834.02 "
 Franklin County ," $435,474.55 "," $448,739.99 "," $423,838.17 "," $418,485.37 "," $524,777.43 "," $517,676.26 "," $475,214.31 "," $570,541.34 "," $491,313.26 "," $490,054.75 "," $450,832.58 "," $533,478.54 ",," $5,780,426.55 "
 Geary County ," $488,060.08 "," $512,943.64 "," $531,901.90 "," $451,519.63 "," $598,240.68 "," $558,613.78 "," $536,406.16 "," $497,834.86 "," $522,926.61 "," $477,365.96 "," $359,536.54 "," $589,540.62 ",," $6,124,890.46 "
 Gove County ," $81,380.60 "," $88,685.49 "," $84,971.95 "," $80,662.74 "," $96,910.42 "," $99,380.98 "," $98,621.75 "," $95,570.48 "," $104,953.22 "," $102,176.67 "," $103,683.96 "," $119,604.38 ",," $1,156,602.64 "
 Graham County ," $23,133.94 "," $25,660.20 "," $26,704.72 "," $22,296.46 "," $32,919.60 "," $36,636.88 "," $27,446.42 "," $33,278.14 "," $29,741.73 "," $29,025.29 "," $35,125.05 "," $39,513.70 ",," $361,482.13 "
 Gray County ," $61,077.37 "," $56,727.89 "," $57,632.53 "," $60,866.95 "," $65,920.48 "," $92,387.27 "," $64,447.93 "," $74,052.17 "," $86,380.86 "," $79,247.58 "," $74,266.89 "," $78,708.10 ",," $851,716.02 "
 Greeley County ," $12,306.18 "," $11,004.40 "," $22,357.57 "," $12,607.23 "," $17,696.18 "," $12,299.34 "," $13,961.06 "," $16,648.60 "," $13,293.76 "," $15,663.30 "," $17,658.72 "," $20,159.82 ",," $185,656.16 "
 Greenwood County ," $67,188.81 "," $70,117.52 "," $62,787.96 "," $60,818.83 "," $62,785.76 "," $75,841.68 "," $74,942.89 "," $81,314.13 "," $54,574.37 "," $47,830.09 "," $58,945.18 "," $58,920.74 ",," $776,067.96 "
 Hamilton County ," $26,632.51 "," $26,041.75 "," $30,390.33 "," $26,214.29 "," $29,720.65 "," $30,837.85 "," $31,963.96 "," $29,352.97 "," $30,382.22 "," $33,578.23 "," $29,917.51 "," $36,176.85 ",," $361,209.12 "
 Harvey County ," $647,913.66 "," $799,236.37 "," $694,837.20 "," $659,722.12 "," $785,916.04 "," $737,721.98 "," $790,386.87 "," $696,937.74 "," $750,081.26 "," $684,513.06 "," $559,877.10 "," $912,253.44 ",," $8,719,396.84 "
 Haskell County ," $17,257.75 "," $34,243.05 "," $17,101.57 "," $18,279.10 "," $23,321.26 "," $21,242.04 "," $20,429.59 "," $22,626.92 "," $23,657.31 "," $28,185.53 "," $27,288.12 "," $24,994.17 ",," $278,626.41 "
 Hodgeman County ," $14,918.61 "," $17,210.72 "," $15,409.33 "," $14,670.76 "," $13,525.18 "," $16,910.86 "," $16,199.02 "," $15,979.15 "," $17,726.27 "," $14,077.16 "," $11,150.52 "," $20,835.57 ",," $188,613.15 "
 Jackson County ," $167,403.36 "," $192,572.00 "," $171,265.71 "," $161,967.31 "," $196,408.19 "," $185,614.24 "," $187,129.02 "," $179,601.59 "," $181,851.45 "," $153,178.62 "," $152,474.25 "," $207,033.13 ",," $2,136,498.87 "
 Jefferson County ," $108,807.08 "," $106,155.62 "," $114,315.07 "," $101,979.27 "," $127,949.51 "," $126,563.23 "," $120,213.78 "," $122,611.67 "," $128,941.61 "," $114,686.05 "," $137,100.98 "," $160,836.31 ",," $1,470,160.18 "
 Jewell County ," $17,166.63 "," $20,075.72 "," $20,612.28 "," $22,385.19 "," $21,804.25 "," $20,962.64 "," $20,139.77 "," $24,256.97 "," $20,723.36 "," $25,129.71 "," $25,788.66 "," $23,677.65 ",," $262,722.83 "
 Johnson County ," $14,699,260.09 "," $15,431,111.41 "," $14,579,711.20 "," $13,432,072.99 "," $15,955,843.86 "," $16,711,861.32 "," $16,894,571.20 "," $16,127,762.66 "," $17,508,192.66 "," $17,196,551.47 "," $13,246,944.21 "," $19,936,822.88 ",," $191,720,705.95 "
 Kingman County ," $139,501.52 "," $162,173.36 "," $114,801.53 "," $109,641.85 "," $119,987.67 "," $135,629.52 "," $104,790.54 "," $101,343.56 "," $128,297.18 "," $108,123.81 "," $101,084.36 "," $168,623.29 ",," $1,493,998.19 "
 Kiowa County ," $21,867.78 "," $27,932.66 "," $22,782.95 "," $19,882.31 "," $23,564.30 "," $24,977.19 "," $25,171.89 "," $24,709.96 "," $25,488.14 "," $26,545.75 "," $27,543.35 "," $33,381.07 ",," $303,847.35 "
 Labette County ," $277,331.95 "," $269,056.10 "," $254,875.26 "," $232,733.73 "," $272,331.00 "," $258,340.31 "," $266,292.53 "," $250,180.97 "," $279,105.92 "," $251,213.58 "," $200,707.58 "," $317,004.33 ",," $3,129,173.26 "
 Lane County ," $16,073.43 "," $15,471.67 "," $18,295.06 "," $12,502.89 "," $18,457.57 "," $16,843.60 "," $17,221.28 "," $17,766.50 "," $18,193.14 "," $20,538.69 "," $14,462.01 "," $21,518.86 ",," $207,344.70 "
 Leavenworth County ," $635,607.99 "," $738,506.50 "," $659,724.53 "," $619,137.43 "," $744,607.50 "," $744,260.80 "," $710,546.58 "," $698,529.47 "," $768,503.35 "," $802,913.35 "," $651,168.10 "," $866,791.43 ",," $8,640,297.03 "
 Lincoln County ," $27,975.95 "," $37,490.87 "," $32,186.23 "," $32,307.53 "," $33,811.91 "," $33,540.16 "," $31,771.55 "," $36,401.65 "," $32,330.52 "," $31,150.69 "," $34,187.29 "," $45,305.88 ",," $408,460.23 "
 Linn County ," $65,881.93 "," $59,893.36 "," $65,011.30 "," $68,266.51 "," $72,159.49 "," $76,498.62 "," $71,426.85 "," $63,170.90 "," $74,037.34 "," $83,349.48 "," $86,857.41 "," $81,163.62 ",," $867,716.81 "
 Logan County ," $40,528.26 "," $52,864.25 "," $49,861.08 "," $37,243.88 "," $53,469.50 "," $46,876.49 "," $45,759.87 "," $63,104.38 "," $57,812.10 "," $61,994.22 "," $48,033.61 "," $65,242.26 ",," $622,789.90 "
 Lyon County ," $380,785.24 "," $455,664.98 "," $402,995.44 "," $395,000.93 "," $481,755.54 "," $470,591.85 "," $455,049.41 "," $460,990.54 "," $468,358.62 "," $417,880.57 "," $353,654.67 "," $553,769.15 ",," $5,296,496.94 "
 Marion County ," $94,447.23 "," $100,032.08 "," $101,512.46 "," $95,110.87 "," $105,983.17 "," $109,311.62 "," $102,460.47 "," $100,529.99 "," $109,485.73 "," $106,388.24 "," $88,328.15 "," $131,625.77 ",," $1,245,215.78 "
 Marshall County ," $61,295.17 "," $69,305.20 "," $60,905.95 "," $57,637.46 "," $67,409.76 "," $68,114.94 "," $69,383.98 "," $75,995.70 "," $79,966.14 "," $76,321.91 "," $102,025.75 "," $84,815.40 ",," $873,177.36 "
 Mcpherson County ," $552,172.60 "," $597,899.75 "," $582,844.19 "," $522,768.82 "," $665,451.93 "," $637,380.79 "," $610,294.86 "," $633,797.53 "," $653,210.83 "," $664,448.25 "," $716,169.46 "," $773,411.45 ",," $7,609,850.46 "
 Meade County ," $33,555.71 "," $34,191.88 "," $36,059.03 "," $31,753.14 "," $41,840.72 "," $33,864.76 "," $38,249.46 "," $44,181.24 "," $63,075.84 "," $56,013.57 "," $50,426.05 "," $61,782.96 ",," $524,994.36 "
 Miami County ," $499,405.53 "," $520,847.78 "," $484,277.76 "," $495,981.72 "," $583,911.64 "," $542,658.61 "," $535,713.38 "," $521,634.35 "," $589,078.48 "," $539,319.28 "," $400,851.78 "," $708,048.06 ",," $6,421,728.37 "
 Mitchell County ," $88,696.11 "," $90,251.95 "," $86,503.26 "," $91,807.26 "," $111,183.97 "," $116,770.14 "," $124,198.55 "," $110,094.75 "," $98,549.52 "," $96,874.47 "," $93,972.02 "," $114,449.31 ",," $1,223,351.31 "
 Montgomery County , $-   , $-   , $-   , $-   , $-   , $-   , $-   , $-   , $-   , $-   , $-   , $-   ,, $-   
 Morris County ," $51,065.84 "," $57,414.91 "," $53,671.12 "," $55,638.19 "," $55,081.36 "," $59,131.38 "," $66,330.08 "," $66,527.52 "," $65,165.32 "," $55,896.09 "," $58,793.04 "," $67,554.98 ",," $712,269.83 "
 Morton County ," $24,266.18 "," $26,513.18 "," $22,660.11 "," $22,974.05 "," $26,812.00 "," $28,958.84 "," $28,137.33 "," $41,135.75 "," $26,665.74 "," $25,039.02 "," $20,601.54 "," $26,180.04 ",," $319,943.78 "
 Nemaha County ," $174,273.75 "," $192,677.44 "," $164,425.82 "," $167,737.80 "," $194,022.05 "," $193,036.83 "," $201,187.38 "," $173,723.01 "," $199,486.34 "," $180,636.64 "," $201,593.65 "," $225,442.57 ",," $2,268,243.28 "
 Neosho County ," $313,215.32 "," $349,887.40 "," $387,596.83 "," $279,894.58 "," $432,928.42 "," $379,188.04 "," $331,000.65 "," $402,857.30 "," $343,953.78 "," $358,905.01 "," $330,792.48 "," $432,921.30 ",," $4,343,141.11 "
 Norton County ," $32,156.04 "," $36,111.57 "," $34,944.48 "," $28,025.72 "," $43,635.87 "," $40,910.39 "," $41,902.64 "," $43,119.32 "," $45,673.71 "," $43,049.34 "," $52,732.60 "," $46,235.68 ",," $488,497.36 "
 Osage County ," $88,986.91 "," $97,892.67 "," $100,717.60 "," $96,673.34 "," $103,262.02 "," $117,332.34 "," $109,683.56 "," $105,754.97 "," $116,209.58 "," $103,042.82 "," $112,790.62 "," $135,283.70 ",," $1,287,630.13 "
 Osborne County ," $57,508.43 "," $59,169.06 "," $56,017.04 "," $52,016.57 "," $64,205.94 "," $54,560.52 "," $54,855.81 "," $62,980.59 "," $54,649.96 "," $49,845.61 "," $53,218.63 "," $65,061.44 ",," $684,089.60 "
 Ottawa County ," $29,229.47 "," $33,960.20 "," $35,025.62 "," $31,527.12 "," $31,241.52 "," $33,893.02 "," $31,372.48 "," $30,160.36 "," $32,360.85 "," $30,684.93 "," $31,678.14 "," $46,142.04 ",," $397,275.75 "
 Pawnee County ," $98,963.65 "," $119,870.72 "," $117,183.43 "," $91,183.42 "," $129,165.92 "," $92,881.19 "," $114,027.95 "," $120,190.25 "," $119,546.43 "," $114,723.53 "," $90,856.63 "," $144,559.66 ",," $1,353,152.78 "
 Phillips County ," $24,637.48 "," $27,572.68 "," $26,499.91 "," $21,764.56 "," $30,536.09 "," $27,997.13 "," $24,164.15 "," $29,588.21 "," $26,459.42 "," $30,810.90 "," $56,373.22 "," $34,109.43 ",," $360,513.18 "
 Pottawatomie County ," $518,490.93 "," $542,959.01 "," $504,757.14 "," $437,100.65 "," $575,230.75 "," $569,768.27 "," $566,944.60 "," $529,935.83 "," $530,122.64 "," $520,816.75 "," $479,282.08 "," $679,954.62 ",," $6,455,363.27 "
 Pratt County ," $273,734.36 "," $283,684.09 "," $282,534.50 "," $248,079.46 "," $304,800.42 "," $299,992.36 "," $276,048.61 "," $308,830.84 "," $291,588.61 "," $290,536.46 "," $276,240.69 "," $336,367.16 ",," $3,472,437.56 "
 Rawlins County ," $21,545.46 "," $19,810.99 "," $26,448.83 "," $19,874.33 "," $24,147.47 "," $26,124.80 "," $21,505.00 "," $20,560.95 "," $26,775.81 "," $23,085.55 "," $31,165.58 "," $30,221.80 ",," $291,266.57 "
 Reno County ," $753,732.44 "," $897,890.33 "," $840,516.44 "," $754,679.84 "," $917,521.08 "," $900,220.95 "," $924,258.96 "," $841,771.98 "," $910,115.03 "," $948,907.38 "," $802,866.78 "," $1,071,401.29 ",," $10,563,882.50 "
 Republic County ," $90,062.93 "," $90,088.90 "," $97,181.32 "," $91,425.20 "," $101,669.24 "," $91,260.35 "," $107,198.94 "," $109,189.91 "," $99,841.34 "," $101,709.63 "," $91,344.14 "," $122,637.76 ",," $1,193,609.66 "
 Rice County ," $88,068.78 "," $93,184.90 "," $106,318.60 "," $76,259.03 "," $103,265.05 "," $93,476.34 "," $95,270.15 "," $94,602.79 "," $108,966.09 "," $100,383.70 "," $100,821.96 "," $121,688.55 ",," $1,182,305.94 "
 Riley County ," $731,676.02 "," $777,357.41 "," $758,830.43 "," $667,765.52 "," $863,595.03 "," $825,783.79 "," $825,518.10 "," $769,597.25 "," $815,450.80 "," $851,857.11 "," $713,631.18 "," $992,672.62 ",," $9,593,735.26 "
 Rooks County ," $22,250.38 "," $24,192.96 "," $24,611.34 "," $20,530.08 "," $30,327.78 "," $30,771.93 "," $27,100.73 "," $30,967.34 "," $30,862.51 "," $28,096.43 "," $41,901.55 "," $32,538.59 ",," $344,151.62 "
 Russell County ," $123,438.33 "," $148,019.77 "," $130,660.62 "," $120,817.18 "," $139,417.65 "," $153,630.09 "," $160,333.82 "," $165,580.94 "," $168,268.68 "," $168,011.56 "," $151,392.38 "," $207,764.12 ",," $1,837,335.14 "
 Saline County ," $932,143.50 "," $1,152,118.03 "," $980,205.88 "," $869,218.49 "," $1,206,929.23 "," $1,613,200.29 "," $1,627,335.92 "," $1,640,388.45 "," $1,652,804.55 "," $1,538,398.22 "," $1,378,466.55 "," $1,940,082.34 ",," $16,531,291.45 "
 Scott County ," $126,624.74 "," $164,090.71 "," $141,568.54 "," $137,920.67 "," $151,450.49 "," $153,010.72 "," $164,413.46 "," $157,930.64 "," $159,052.15 "," $142,410.06 "," $143,231.61 "," $189,228.53 ",," $1,830,932.32 "
 Sedgwick County ," $7,623,537.14 "," $8,728,839.06 "," $7,855,580.05 "," $7,068,908.10 "," $9,270,425.16 "," $8,919,253.47 "," $9,140,630.90 "," $8,531,034.83 "," $9,084,421.99 "," $8,724,857.79 "," $8,381,036.04 "," $10,747,436.48 ",," $104,075,961.01 "
 Seward County ," $391,184.07 "," $449,468.20 "," $390,941.16 "," $389,321.89 "," $475,582.78 "," $441,095.07 "," $475,623.98 "," $451,033.48 "," $446,503.74 "," $462,578.34 "," $392,988.85 "," $525,542.45 ",," $5,291,864.01 "
 Shawnee County ," $2,794,476.62 "," $3,196,672.89 "," $2,880,110.83 "," $2,617,592.50 "," $3,400,837.17 "," $3,231,860.89 "," $3,253,657.15 "," $3,118,905.67 "," $3,340,440.68 "," $3,030,633.97 "," $3,040,404.74 "," $3,763,908.26 ",," $37,669,501.37 "
 Sheridan County ," $59,936.61 "," $59,591.80 "," $53,713.65 "," $51,604.63 "," $74,256.22 "," $68,703.61 "," $60,074.11 "," $79,882.95 "," $79,730.91 "," $68,971.46 "," $58,042.93 "," $79,260.84 ",," $793,769.72 "
 Sherman County ," $208,874.54 "," $250,349.68 "," $229,315.73 "," $193,289.29 "," $250,329.42 "," $252,779.11 "," $246,445.85 "," $225,910.26 "," $262,771.98 "," $277,030.21 "," $180,085.13 "," $262,195.47 ",," $2,839,376.67 "
 Smith County ," $70,677.67 "," $81,480.83 "," $75,625.88 "," $62,504.02 "," $76,640.81 "," $87,173.98 "," $73,937.15 "," $79,174.92 "," $81,900.47 "," $77,068.13 "," $72,316.29 "," $90,805.84 ",," $929,305.99 "
 Stafford County ," $40,096.49 "," $31,941.00 "," $32,868.10 "," $32,798.41 "," $36,405.81 "," $32,691.95 "," $34,933.70 "," $39,964.98 "," $37,142.01 "," $37,367.49 "," $43,590.89 "," $53,609.75 ",," $453,410.58 "
 Stanton County ," $18,326.64 "," $15,374.74 "," $20,328.62 "," $26,266.93 "," $16,817.76 "," $24,598.94 "," $18,772.21 "," $18,425.55 "," $20,214.99 "," $20,836.54 "," $16,402.70 "," $26,876.16 ",," $243,241.78 "
 Stevens County ," $51,263.68 "," $64,009.96 "," $52,226.60 "," $52,350.12 "," $65,441.71 "," $57,478.39 "," $57,219.98 "," $61,970.67 "," $67,907.05 "," $64,571.72 "," $44,283.74 "," $81,440.84 ",," $720,164.46 "
 Sumner County ," $181,603.51 "," $202,280.10 "," $186,034.14 "," $180,969.97 "," $203,726.41 "," $216,140.19 "," $204,290.98 "," $197,103.13 "," $219,234.03 "," $221,008.63 "," $181,417.09 "," $237,023.68 ",," $2,430,831.86 "
 Thomas County ," $253,255.05 "," $318,026.09 "," $270,689.92 "," $231,617.06 "," $303,710.05 "," $310,219.05 "," $301,912.13 "," $298,816.63 "," $322,357.30 "," $339,136.97 "," $281,781.68 "," $341,114.46 ",," $3,572,636.39 "
 Trego County ," $32,852.29 "," $36,957.34 "," $32,812.24 "," $21,896.72 "," $37,647.38 "," $31,745.23 "," $34,127.16 "," $34,389.68 "," $40,351.57 "," $50,285.79 "," $44,697.64 "," $39,601.41 ",," $437,364.45 "
 Wabaunsee County ," $54,849.98 "," $59,278.61 "," $59,134.64 "," $61,104.30 "," $70,660.29 "," $59,109.43 "," $65,167.78 "," $69,112.86 "," $73,136.97 "," $72,175.41 "," $66,698.29 "," $95,412.09 ",," $805,840.65 "
 Wallace County ," $13,851.71 "," $13,170.04 "," $13,563.60 "," $11,528.22 "," $14,261.10 "," $15,648.60 "," $11,934.04 "," $15,581.43 "," $15,163.92 "," $15,961.36 "," $17,080.88 "," $16,264.40 ",," $174,009.30 "
 Washington County ," $47,877.80 "," $53,112.03 "," $46,781.06 "," $42,214.38 "," $52,886.57 "," $50,944.54 "," $47,047.22 "," $47,526.07 "," $52,197.06 "," $51,149.94 "," $48,991.79 "," $59,079.32 ",," $599,807.78 "
 Wichita County ," $85,803.03 "," $77,235.67 "," $48,620.03 "," $44,894.92 "," $62,155.99 "," $50,203.17 "," $51,009.47 "," $53,571.27 "," $62,552.76 "," $56,869.87 "," $52,918.87 "," $59,492.67 ",," $705,327.72 "
 Wilson County , $-   , $-   , $-   , $-   , $-   , $-   , $-   , $-   , $-   , $-   , $-   , $-   ,, $-   
 Woodson County , $130.82 , $-   , $43.43 , $-   ," $1,622.67 "," $23,046.95 "," $24,029.99 "," $34,395.69 "," $48,923.36 "," $32,451.28 "," $19,973.01 "," $40,652.13 ",," $225,269.33 "
 Wyandotte County ," $2,208,793.02 "," $2,376,578.74 "," $2,147,112.75 "," $1,998,574.82 "," $2,497,488.18 "," $2,464,431.65 "," $2,452,570.83 "," $2,450,847.33 "," $2,526,086.60 "," $2,691,934.68 "," $2,834,073.16 "," $2,776,032.62 ",," $29,424,524.38 "
 Abilene ," $76,905.07 "," $83,733.25 "," $76,550.26 "," $71,268.32 "," $88,129.55 "," $101,348.08 "," $94,478.40 "," $82,821.52 "," $92,840.32 "," $79,248.24 "," $62,697.42 "," $111,259.76 ",," $1,021,280.19 "
 Alden , $466.91 ," $1,407.56 ", $532.22 , $454.28 ," $1,113.23 ", $465.14 , $624.08 , $565.89 , $602.10 , $930.99 , $780.84 , $955.83 ,," $8,899.07 "
 Alma ," $7,441.88 "," $9,643.11 "," $8,262.01 "," $12,088.75 "," $10,737.59 "," $8,890.16 "," $8,119.43 "," $8,791.18 "," $9,596.68 "," $13,338.85 "," $8,209.28 "," $9,622.25 ",," $114,741.17 "
 Almena ," $1,510.52 ", $839.69 , $992.93 , $703.48 ," $1,168.41 ", $954.19 , $750.64 ," $1,090.10 ", $700.76 , $906.04 , $513.69 ," $1,274.15 ",," $11,404.60 "
 Altamont ," $6,125.74 "," $5,715.27 "," $6,338.03 "," $4,134.96 "," $12,184.04 "," $9,606.21 "," $9,281.39 "," $8,885.25 "," $8,788.31 "," $9,222.38 "," $7,572.01 "," $12,824.50 ",," $100,678.09 "
 Altoona ," $1,232.03 "," $1,430.07 "," $1,465.13 "," $1,408.00 "," $2,087.66 "," $1,927.32 "," $1,722.64 "," $1,781.04 "," $1,779.81 "," $1,161.49 "," $1,658.36 "," $1,757.98 ",," $19,411.53 "
 Americus ," $2,384.34 "," $2,495.37 "," $2,884.84 "," $2,410.83 "," $3,342.31 "," $2,709.21 "," $2,659.58 "," $2,005.62 "," $3,316.04 "," $2,771.11 "," $3,083.19 "," $3,263.65 ",," $33,326.09 "
 Andover ," $155,780.66 "," $218,896.89 "," $166,961.66 "," $159,992.97 "," $169,745.63 "," $175,780.86 "," $201,165.71 "," $191,896.02 "," $218,115.09 "," $172,060.79 "," $167,627.80 "," $230,815.58 ",," $2,228,839.66 "
 Anthony ," $10,876.53 "," $12,475.96 "," $10,642.44 "," $10,277.24 "," $11,557.11 "," $12,495.52 "," $11,385.66 "," $11,514.49 "," $11,048.29 "," $9,506.76 "," $10,774.26 "," $11,841.66 ",," $134,395.92 "
 Argonia ," $1,262.29 "," $1,985.58 "," $1,781.73 "," $4,440.20 "," $1,979.12 "," $1,405.21 "," $1,440.01 "," $1,703.71 "," $1,722.07 "," $2,049.06 "," $1,714.49 "," $2,995.88 ",," $24,479.35 "
 Arkansas City ," $284,245.08 "," $332,682.47 "," $302,878.63 "," $269,408.09 "," $324,174.80 "," $317,518.64 "," $319,012.83 "," $296,345.64 "," $309,443.92 "," $311,475.70 "," $268,909.37 "," $337,202.19 ",," $3,673,297.36 "
 Arma ," $8,999.80 "," $8,432.32 "," $7,693.68 "," $9,257.31 "," $8,169.18 "," $7,509.90 "," $6,658.25 "," $7,630.67 "," $7,623.38 "," $6,941.40 "," $7,257.44 "," $8,538.26 ",," $94,711.59 "
 Ashland ," $9,919.03 "," $8,324.53 "," $8,172.15 "," $7,052.95 "," $8,901.24 "," $8,544.41 "," $7,681.77 "," $8,324.49 "," $9,625.10 "," $7,379.73 "," $8,659.81 "," $8,505.65 ",," $101,090.86 "
 Atchison ," $126,967.33 "," $143,043.10 "," $133,064.10 "," $129,634.52 "," $155,623.03 "," $156,215.29 "," $146,301.76 "," $138,068.16 "," $146,223.43 "," $147,416.13 "," $129,376.03 "," $165,114.75 ",," $1,717,047.63 "
 Attica ," $7,179.15 "," $11,074.14 "," $7,158.77 "," $9,030.01 "," $17,322.10 "," $11,969.28 "," $8,988.21 "," $9,542.79 "," $10,050.20 "," $9,116.65 "," $8,023.25 "," $12,177.02 ",," $121,631.57 "
 Auburn ," $11,568.58 "," $11,614.12 "," $10,592.50 "," $11,111.15 "," $12,643.19 "," $14,066.20 "," $14,447.96 "," $18,540.79 "," $12,640.68 "," $12,942.08 "," $14,657.43 "," $16,386.96 ",," $161,211.64 "
 Augusta ," $185,953.22 "," $214,492.97 "," $185,242.59 "," $191,549.04 "," $190,309.87 "," $198,422.54 "," $203,102.25 "," $197,838.53 "," $195,702.65 "," $190,068.92 "," $196,105.69 "," $205,572.75 ",," $2,354,361.02 "
 Axtell ," $4,292.63 "," $3,875.74 "," $4,163.07 "," $5,656.82 "," $5,194.80 "," $5,283.05 "," $6,102.35 "," $5,810.12 "," $4,887.32 "," $4,931.49 "," $2,780.96 "," $7,479.45 ",," $60,457.80 "
 Baldwin City ," $36,555.62 "," $38,946.07 "," $42,187.89 "," $38,605.10 "," $46,828.26 "," $45,483.57 "," $46,505.90 "," $61,057.38 "," $47,880.32 "," $42,238.98 "," $43,093.70 "," $55,580.51 ",," $544,963.30 "
 Basehor ," $45,510.64 "," $48,476.88 "," $44,705.15 "," $46,687.36 "," $51,904.38 "," $55,009.68 "," $57,052.32 "," $54,736.71 "," $66,758.68 "," $61,090.49 "," $43,505.12 "," $64,651.82 ",," $640,089.23 "
 Baxter Springs ," $75,697.15 "," $62,127.97 "," $90,111.35 "," $68,027.79 "," $68,909.66 "," $62,236.27 "," $62,155.53 "," $57,136.26 "," $63,892.21 "," $61,957.20 "," $50,140.27 "," $80,911.56 ",," $803,303.22 "
 Belle Plaine ," $6,496.99 "," $7,822.57 "," $7,998.99 "," $7,115.29 "," $7,838.54 "," $8,764.48 "," $9,211.29 "," $6,919.67 "," $8,241.21 "," $7,841.51 "," $6,348.46 "," $10,999.66 ",," $95,598.66 "
 Belleville ," $14,896.91 "," $13,309.26 "," $16,129.93 "," $14,277.29 "," $16,196.51 "," $14,912.91 "," $16,683.06 "," $15,933.70 "," $16,066.81 "," $16,188.82 "," $11,881.30 "," $18,873.95 ",," $185,350.45 "
 Beloit ," $66,958.33 "," $66,102.76 "," $63,953.55 "," $71,642.43 "," $81,462.03 "," $87,952.00 "," $92,322.92 "," $80,357.88 "," $73,439.63 "," $69,161.01 "," $65,389.34 "," $82,349.68 ",," $901,091.56 "
 Bennington ," $2,549.66 "," $1,819.17 "," $2,772.84 "," $2,502.48 "," $2,894.64 "," $2,736.53 "," $2,585.39 "," $2,391.98 "," $2,958.34 "," $2,814.04 "," $3,483.49 "," $3,320.15 ",," $32,828.71 "
 Benton ," $8,299.25 "," $8,447.72 "," $9,900.63 "," $8,807.25 "," $10,841.36 "," $10,216.81 "," $12,761.58 "," $14,160.46 "," $12,922.86 "," $10,100.64 "," $9,145.32 "," $12,203.25 ",," $127,807.13 "
 Beverly , $-   , $-   , $-   , $-   , $12.49 , $604.64 , $898.01 , $264.15 , $889.42 , $335.54 ," $1,071.39 ", $697.66 ,," $4,773.30 "
 Blue Rapids ," $11,745.59 "," $15,696.23 "," $15,816.82 "," $20,057.45 "," $19,632.83 "," $18,933.21 "," $17,031.74 "," $17,660.11 "," $20,531.86 "," $19,660.98 "," $18,420.74 "," $21,683.81 ",," $216,871.37 "
 Bonner Springs ," $268,186.27 "," $293,074.74 "," $239,468.82 "," $237,783.72 "," $297,620.90 "," $300,332.72 "," $309,897.02 "," $303,728.67 "," $315,392.33 "," $321,772.89 "," $285,448.86 "," $446,559.80 ",," $3,619,266.74 "
 Bronson ," $1,373.45 "," $1,584.20 "," $1,313.30 "," $1,360.02 "," $1,241.43 "," $1,230.78 "," $1,205.41 "," $1,122.78 "," $1,416.95 "," $1,445.36 ", $749.53 ," $1,914.48 ",," $15,957.69 "
 Buhler ," $6,709.93 "," $9,619.57 "," $5,842.68 "," $4,967.84 "," $6,598.04 "," $6,135.75 "," $7,003.01 "," $4,662.43 "," $7,631.97 "," $5,121.15 "," $4,982.05 "," $8,966.67 ",," $78,241.09 "
 Burden ," $1,997.74 "," $2,504.74 "," $2,003.65 "," $1,895.96 "," $2,486.91 "," $2,173.25 "," $2,367.93 "," $2,228.22 "," $2,295.70 "," $2,143.51 "," $2,639.72 "," $2,130.16 ",," $26,867.49 "
 Burlingame ," $7,650.94 "," $9,142.22 "," $8,425.94 "," $7,435.60 "," $5,818.48 "," $18,404.21 "," $8,604.26 "," $8,812.44 "," $9,386.04 "," $6,349.96 "," $7,620.83 "," $10,195.48 ",," $107,846.40 "
 Burlington ," $70,841.83 "," $66,774.18 "," $76,483.27 "," $72,959.46 "," $82,805.04 "," $107,478.27 "," $80,987.31 "," $78,488.81 "," $80,566.12 "," $94,720.46 "," $77,077.46 "," $88,457.88 ",," $977,640.09 "
 Burrton ," $6,164.58 "," $5,626.57 "," $7,650.98 "," $6,042.64 "," $11,021.92 "," $6,396.29 "," $9,184.78 "," $7,315.41 "," $7,895.29 "," $6,152.50 "," $5,040.30 "," $8,489.50 ",," $86,980.76 "
 Caldwell ," $8,513.66 "," $12,386.61 "," $9,118.81 "," $10,810.53 "," $10,075.96 "," $10,782.29 "," $9,521.29 "," $11,745.93 "," $10,441.57 "," $10,196.53 "," $8,836.52 "," $10,803.84 ",," $123,233.54 "
 Caney ," $34,569.23 "," $37,507.61 "," $42,944.20 "," $37,723.77 "," $34,733.99 "," $48,453.30 "," $50,289.99 "," $38,265.14 "," $52,069.54 "," $43,918.07 "," $45,134.58 "," $57,302.14 ",," $522,911.56 "
 Canton ," $5,590.82 "," $5,638.59 "," $5,297.45 "," $3,946.07 "," $4,113.83 "," $5,884.99 "," $6,103.68 "," $3,973.76 "," $4,987.92 "," $5,166.90 "," $5,824.17 "," $5,681.95 ",," $62,210.13 "
 Carbondale ," $13,264.59 "," $23,084.12 "," $18,551.78 "," $16,486.12 "," $17,230.92 "," $20,101.16 "," $19,312.90 "," $16,854.22 "," $19,496.07 "," $17,986.10 "," $17,324.73 "," $21,159.93 ",," $220,852.64 "
 Cawker City ," $3,545.68 "," $3,902.10 "," $3,376.69 "," $2,539.30 "," $4,912.00 "," $4,225.62 "," $4,439.50 "," $4,515.02 "," $3,980.07 "," $3,315.67 "," $4,386.14 "," $5,594.43 ",," $48,732.22 "
 Cedar Vale ," $3,986.59 "," $4,563.66 "," $3,896.89 "," $3,455.68 "," $3,815.36 "," $3,735.62 "," $4,139.15 "," $4,358.03 "," $3,986.48 "," $3,907.37 "," $2,511.48 "," $4,131.14 ",," $46,487.45 "
 Chanute ," $176,368.59 "," $190,909.54 "," $218,335.96 "," $153,641.97 "," $253,615.04 "," $215,621.58 "," $186,548.58 "," $231,011.94 "," $184,630.77 "," $202,962.75 "," $187,864.89 "," $230,215.27 ",," $2,431,726.88 "
 Chapman ," $6,712.00 "," $8,421.15 "," $9,426.87 "," $9,072.21 "," $9,002.92 "," $9,123.74 "," $6,690.42 "," $9,644.91 "," $10,057.96 "," $7,564.03 "," $8,179.69 "," $11,577.61 ",," $105,473.51 "
 Chase , $932.59 , $804.69 , $981.78 , $769.43 ," $1,152.40 "," $1,049.63 "," $1,027.73 "," $1,217.34 "," $1,178.10 "," $1,234.21 "," $1,013.82 "," $1,190.51 ",," $12,552.23 "
 Cherokee ," $4,089.88 "," $4,738.59 "," $2,902.24 "," $3,612.59 "," $3,500.54 "," $3,511.31 "," $3,473.44 "," $3,319.72 "," $3,450.20 "," $3,018.62 "," $2,298.22 "," $4,086.23 ",," $42,001.58 "
 Cherryvale ," $49,164.09 "," $55,538.53 "," $48,972.41 "," $45,540.26 "," $50,460.11 "," $48,371.82 "," $46,694.00 "," $51,138.59 "," $81,802.81 "," $43,586.16 "," $46,421.30 "," $51,666.43 ",," $619,356.51 "
 Chetopa ," $9,081.62 "," $12,992.07 "," $9,659.86 "," $12,202.90 "," $10,850.42 "," $9,566.19 "," $8,579.58 "," $10,186.22 "," $9,878.66 "," $8,649.21 "," $6,770.53 "," $9,766.85 ",," $118,184.11 "
 Cimarron ," $20,973.82 "," $22,972.93 "," $20,439.74 "," $17,971.00 "," $27,066.07 "," $20,574.29 "," $19,911.77 "," $22,242.69 "," $19,713.52 "," $21,861.21 "," $18,221.19 "," $25,663.76 ",," $257,611.99 "
 Claflin ," $1,608.75 "," $2,369.62 "," $2,350.38 "," $1,593.32 "," $2,368.18 "," $1,999.50 "," $1,991.52 "," $2,224.58 "," $2,242.49 "," $1,850.99 "," $1,203.28 "," $3,115.27 ",," $24,917.88 "
 Clay Center ," $128,397.07 "," $156,730.04 "," $129,745.91 "," $134,572.40 "," $176,643.38 "," $158,596.49 "," $170,718.43 "," $325,578.74 "," $157,163.57 "," $135,270.06 "," $114,521.28 "," $187,581.91 ",," $1,975,519.28 "
 Clifton ," $3,367.49 "," $4,713.32 "," $3,886.69 "," $2,773.07 "," $5,939.76 "," $4,166.62 "," $3,636.42 "," $4,857.06 "," $3,697.21 "," $6,137.11 "," $4,151.10 "," $4,673.55 ",," $51,999.40 "
 Coffeyville ," $346,336.83 "," $363,121.99 "," $362,309.33 "," $340,312.06 "," $397,152.14 "," $409,010.19 "," $377,213.14 "," $353,761.03 "," $365,161.97 "," $377,217.57 "," $354,820.58 "," $397,487.56 ",," $4,443,904.39 "
 Colby ," $96,426.34 "," $123,036.37 "," $101,565.54 "," $91,526.36 "," $111,600.07 "," $117,059.70 "," $115,781.22 "," $112,723.25 "," $123,849.62 "," $117,269.57 "," $104,064.87 "," $122,447.31 ",," $1,337,350.22 "
 Coldwater ," $20,019.56 "," $17,571.55 "," $21,438.34 "," $20,991.95 "," $25,483.73 "," $21,173.82 "," $21,628.37 "," $19,610.14 "," $23,076.19 "," $23,831.39 "," $26,336.36 "," $29,357.49 ",," $270,518.89 "
 Collyer , $470.26 , $567.72 , $581.65 , $320.59 ," $1,068.58 ", $541.94 , $467.49 , $644.46 , $584.17 , $482.31 , $365.30 , $821.01 ,," $6,915.48 "
 Colony , $442.63 , $252.16 , $421.30 ," $1,121.47 "," $1,268.38 ", $598.67 ," $1,032.51 ", $335.35 ," $1,065.44 ", $458.73 , $279.24 , $658.85 ,," $7,934.73 "
 Columbus ," $36,924.60 "," $40,439.67 "," $41,639.94 "," $39,714.20 "," $48,292.31 "," $43,697.10 "," $43,391.23 "," $36,792.41 "," $38,849.60 "," $35,928.29 "," $24,696.93 "," $51,777.02 ",," $482,143.30 "
 Concordia ," $88,364.89 "," $96,798.60 "," $92,450.10 "," $88,259.99 "," $103,151.17 "," $111,262.42 "," $101,261.42 "," $103,015.99 "," $98,412.73 "," $90,487.41 "," $85,004.23 "," $122,957.60 ",," $1,181,426.55 "
 Conway Springs ," $10,356.01 "," $10,883.66 "," $11,655.74 "," $11,718.71 "," $8,288.55 "," $12,133.76 "," $12,114.58 "," $11,206.87 "," $9,002.33 "," $11,355.70 "," $9,680.67 "," $13,941.19 ",," $132,337.77 "
 Cottonwood Falls ," $8,598.95 "," $6,543.60 "," $7,995.19 "," $6,852.08 "," $7,391.31 "," $10,106.98 "," $9,070.57 "," $7,007.45 "," $7,969.24 "," $8,071.62 "," $7,745.73 "," $9,950.70 ",," $97,303.42 "
 Council Grove ," $56,180.14 "," $66,533.91 "," $57,673.73 "," $54,692.86 "," $60,370.96 "," $69,441.10 "," $74,513.25 "," $61,637.75 "," $70,863.65 "," $61,315.29 "," $46,920.73 "," $79,430.73 ",," $759,574.10 "
 Cunningham ," $4,897.34 "," $4,705.95 "," $5,351.89 "," $4,374.01 "," $4,924.06 "," $4,841.17 "," $3,953.45 "," $4,686.02 "," $4,790.12 "," $4,936.08 "," $4,849.77 "," $5,139.40 ",," $57,449.26 "
 Danville , $332.84 , $275.14 , $107.73 , $170.99 , $152.31 , $188.45 , $114.27 , $92.09 , $110.02 , $284.57 , $107.03 , $431.16 ,," $2,366.60 "
 Dearing ," $1,778.69 "," $2,801.86 "," $3,169.34 "," $2,436.90 "," $1,701.24 "," $6,953.18 "," $4,785.01 "," $4,150.61 "," $5,420.95 "," $4,019.98 "," $4,036.88 "," $4,846.02 ",," $46,100.66 "
 Deerfield ," $7,462.34 "," $7,329.05 "," $7,952.71 "," $6,823.66 "," $9,665.70 "," $8,465.46 "," $8,776.26 "," $8,768.28 "," $5,586.57 "," $11,226.36 "," $12,620.50 "," $12,156.22 ",," $106,833.11 "
 Delphos ," $1,212.45 "," $1,069.57 "," $1,441.62 "," $1,540.40 "," $1,508.24 "," $1,705.78 "," $1,569.81 "," $1,249.40 "," $1,455.94 "," $1,379.17 "," $1,105.94 "," $1,335.47 ",," $16,573.79 "
 Derby ," $215,756.32 "," $270,685.40 "," $224,261.02 "," $194,990.48 "," $252,248.00 "," $253,890.70 "," $248,024.46 "," $242,035.00 "," $248,333.14 "," $222,226.64 "," $209,350.47 "," $280,007.67 ",," $2,861,809.30 "
 DeSoto ," $77,941.89 "," $91,304.62 "," $82,902.62 "," $75,077.70 "," $85,192.87 "," $92,543.94 "," $88,360.71 "," $88,881.46 "," $99,941.46 "," $83,301.69 "," $88,642.01 "," $103,277.99 ",," $1,057,368.96 "
 Dighton ," $9,298.23 "," $7,681.64 "," $8,219.97 "," $6,226.36 "," $8,635.38 "," $7,792.13 "," $8,873.09 "," $9,084.08 "," $7,314.14 "," $8,549.84 "," $8,177.91 "," $11,226.25 ",," $101,079.02 "
 Dodge City ," $430,090.37 "," $480,170.78 "," $453,773.47 "," $416,838.47 "," $531,833.56 "," $495,839.72 "," $517,004.34 "," $507,846.64 "," $510,997.71 "," $511,286.43 "," $408,492.27 "," $593,546.47 ",," $5,857,720.23 "
 Douglass ," $7,295.28 "," $8,319.74 "," $17,043.30 "," $14,366.87 "," $15,827.17 "," $22,031.30 "," $16,652.61 "," $15,599.98 "," $19,144.89 "," $19,997.03 "," $15,259.79 "," $18,575.47 ",," $190,113.43 "
 Downs ," $5,225.16 "," $5,342.52 "," $5,248.59 "," $5,116.06 "," $6,664.75 "," $5,187.64 "," $5,744.85 "," $5,384.94 "," $5,297.12 "," $4,832.70 "," $3,725.96 "," $5,733.17 ",," $63,503.46 "
 Easton ," $2,598.98 "," $2,395.36 "," $2,296.85 "," $2,348.09 "," $2,918.85 "," $2,831.23 "," $2,830.91 "," $3,304.57 "," $2,853.74 "," $2,561.72 "," $2,421.10 "," $3,374.19 ",," $32,735.59 "
 Edgerton ," $46,667.66 "," $39,275.98 "," $34,517.60 "," $44,288.91 "," $43,181.31 "," $44,765.31 "," $35,440.30 "," $41,982.99 "," $52,110.39 "," $38,250.47 "," $46,181.88 "," $57,278.00 ",," $523,940.80 "
 Edna ," $6,157.57 "," $6,399.07 "," $6,076.66 "," $6,091.21 "," $6,062.34 "," $6,144.08 "," $7,881.83 "," $6,795.52 "," $7,871.74 "," $5,961.25 "," $5,560.84 "," $7,375.58 ",," $78,377.69 "
 Edwardsville ," $42,367.98 "," $55,119.80 "," $47,227.01 "," $50,141.34 "," $54,495.96 "," $54,383.60 "," $61,712.23 "," $57,441.65 "," $71,140.22 "," $57,781.16 "," $59,556.54 "," $65,318.82 ",," $676,686.31 "
 Effingham ," $1,776.27 "," $2,005.76 "," $1,991.95 "," $3,108.14 "," $1,988.62 "," $2,326.53 "," $2,463.75 "," $2,311.62 "," $2,318.36 "," $2,831.67 "," $1,863.30 "," $3,998.68 ",," $28,984.65 "
 El Dorado ," $188,100.26 "," $212,131.26 "," $193,224.66 "," $185,003.39 "," $213,512.88 "," $229,808.05 "," $217,509.14 "," $208,429.75 "," $216,910.25 "," $209,008.40 "," $185,028.38 "," $239,313.83 ",," $2,497,980.25 "
 Elkhart ," $12,564.70 "," $17,586.34 "," $13,610.35 "," $14,334.98 "," $15,836.01 "," $16,081.06 "," $18,438.50 "," $16,680.19 "," $15,445.73 "," $14,319.45 "," $14,353.15 "," $16,662.49 ",," $185,912.95 "
 Ellinwood ," $6,198.68 "," $6,597.06 "," $5,698.95 "," $6,395.92 "," $6,985.93 "," $6,501.59 "," $5,565.79 "," $6,222.92 "," $6,610.72 "," $6,491.16 "," $6,210.29 "," $7,350.82 ",," $76,829.83 "
 Ellis ," $27,682.76 "," $31,578.68 "," $34,738.76 "," $19,016.95 "," $33,676.50 "," $35,942.37 "," $30,414.10 "," $39,377.06 "," $38,416.46 "," $39,748.30 "," $32,653.31 "," $40,633.44 ",," $403,878.69 "
 Ellsworth ," $33,573.38 "," $40,531.33 "," $38,272.72 "," $34,579.18 "," $37,346.99 "," $46,916.94 "," $36,879.75 "," $39,827.62 "," $40,649.76 "," $37,906.59 "," $33,716.61 "," $52,167.61 ",," $472,368.48 "
 Elwood ," $11,640.92 "," $6,134.29 "," $8,914.86 "," $10,687.46 ", $-   , $-   ," $5,233.63 "," $19,395.44 "," $11,743.38 "," $8,985.36 "," $9,420.48 "," $17,570.99 ",," $109,726.81 "
 Emporia ," $344,517.54 "," $413,448.33 "," $364,600.39 "," $349,727.01 "," $434,912.47 "," $426,237.09 "," $409,313.79 "," $405,573.05 "," $412,848.62 "," $368,966.86 "," $324,521.28 "," $503,485.74 ",," $4,758,152.17 "
 Erie ," $11,582.94 "," $11,957.98 "," $12,532.02 "," $10,789.12 "," $13,546.88 "," $10,999.24 "," $10,877.87 "," $10,832.04 "," $14,446.88 "," $11,304.63 "," $9,815.94 "," $15,160.40 ",," $143,845.94 "
 Eskridge ," $2,382.11 "," $2,191.68 "," $2,580.02 "," $2,335.45 "," $3,108.45 "," $1,882.05 "," $3,133.89 "," $2,697.94 "," $3,151.79 "," $2,846.57 "," $2,790.16 "," $2,940.96 ",," $32,041.07 "
 Eudora ," $51,572.00 "," $55,418.10 "," $52,188.10 "," $50,133.61 "," $49,451.96 "," $54,141.42 "," $51,831.33 "," $50,056.67 "," $56,699.93 "," $53,087.80 "," $46,419.45 "," $82,850.58 ",," $653,850.95 "
 Eureka ," $41,180.90 "," $44,940.37 "," $42,693.74 "," $37,410.23 "," $40,791.96 "," $56,126.66 "," $46,265.59 "," $50,654.40 "," $49,197.10 "," $41,709.49 "," $33,269.19 "," $63,958.08 ",," $548,197.71 "
 Fairway ," $63,690.70 "," $73,256.93 "," $57,977.64 "," $55,250.77 "," $62,349.02 "," $64,395.45 "," $65,532.60 "," $68,673.59 "," $74,262.02 "," $57,379.90 "," $67,144.40 "," $79,746.05 ",," $789,659.07 "
 Florence ," $4,055.54 "," $9,435.90 "," $2,970.52 "," $2,104.64 "," $3,124.04 "," $3,583.89 "," $3,190.21 "," $2,397.15 "," $3,356.62 "," $3,331.38 "," $2,741.43 "," $3,927.20 ",," $44,218.52 "
 Fontana , $286.80 , $265.05 , $618.50 , $278.91 , $294.91 , $185.99 , $294.42 , $188.29 , $420.58 , $312.76 , $195.96 , $314.68 ,," $3,656.85 "
 Fort Scott ," $178,496.60 "," $222,592.31 "," $196,401.74 "," $170,539.79 "," $220,687.78 "," $204,904.57 "," $203,558.04 "," $203,993.95 "," $227,338.72 "," $182,478.84 "," $169,402.65 "," $249,945.88 ",," $2,430,340.87 "
 Frankfort ," $9,176.99 "," $10,685.28 "," $12,236.62 "," $9,979.83 "," $13,507.12 "," $10,880.05 "," $10,785.72 "," $14,199.49 "," $12,453.09 "," $15,647.13 "," $14,205.85 "," $18,361.53 ",," $152,118.70 "
 Fredonia ," $73,808.65 "," $81,356.62 "," $71,306.48 "," $68,826.71 "," $79,185.55 "," $87,035.79 "," $76,987.41 "," $78,755.11 "," $78,469.45 "," $78,901.18 "," $79,884.84 "," $83,863.56 ",," $938,381.35 "
 Frontenac ," $46,951.12 "," $53,649.74 "," $60,307.91 "," $45,487.07 "," $72,666.39 "," $54,771.88 "," $51,785.55 "," $52,412.15 "," $57,547.62 "," $52,765.33 "," $39,836.02 "," $70,544.17 ",," $658,724.95 "
 Galena ," $16,663.39 "," $16,091.21 "," $19,114.35 "," $19,392.18 "," $22,220.15 "," $18,257.01 "," $18,630.18 "," $13,711.97 "," $18,178.85 "," $17,838.87 "," $13,859.29 "," $23,055.83 ",," $217,013.28 "
 Garden City ," $596,509.19 "," $654,966.43 "," $627,648.69 "," $559,449.56 "," $692,850.31 "," $668,409.75 "," $695,273.65 "," $642,578.94 "," $696,041.60 "," $652,362.38 "," $575,468.53 "," $767,673.08 ",," $7,829,232.11 "
 Gardner ," $335,334.72 "," $334,003.17 "," $340,052.18 "," $315,673.84 "," $368,417.00 "," $378,160.72 "," $362,249.50 "," $389,201.82 "," $387,872.60 "," $386,185.30 "," $328,685.10 "," $415,783.71 ",," $4,341,619.66 "
 Garnett ," $20,068.74 "," $25,034.58 "," $21,828.45 "," $19,995.97 "," $26,171.74 "," $27,305.62 "," $20,032.58 "," $22,007.12 "," $23,101.23 "," $19,692.45 "," $13,772.85 "," $32,708.73 ",," $271,720.06 "
 Gas ," $3,313.83 "," $3,346.33 "," $4,202.80 "," $3,434.68 "," $3,846.22 "," $3,859.89 "," $3,617.76 "," $3,870.26 "," $3,597.26 "," $3,205.94 "," $2,380.00 "," $4,760.34 ",," $43,435.31 "
 Geneseo ," $1,126.10 "," $1,483.65 "," $1,400.44 ", $801.23 ," $1,449.49 "," $3,264.69 "," $1,687.50 "," $1,376.35 "," $2,463.87 "," $2,968.46 "," $1,426.78 "," $2,515.20 ",," $21,963.76 "
 Girard ," $20,540.50 "," $24,433.28 "," $21,558.69 "," $19,712.48 "," $26,374.04 "," $23,245.06 "," $24,638.66 "," $27,127.99 "," $23,570.64 "," $24,110.07 "," $17,745.82 "," $29,818.62 ",," $282,875.85 "
 Glade ," $2,817.66 "," $2,956.12 "," $2,012.71 "," $2,390.96 "," $2,786.04 "," $2,934.04 "," $2,170.72 "," $2,630.14 "," $2,813.79 "," $2,625.25 "," $2,037.65 "," $2,993.59 ",," $31,168.67 "
 Glasco ," $2,333.09 "," $1,416.60 "," $2,265.16 "," $2,025.64 "," $2,522.28 "," $1,655.97 "," $1,697.51 "," $1,924.28 "," $2,923.83 "," $1,593.54 ", $828.73 ," $2,698.57 ",," $23,885.20 "
 Goddard ," $87,946.78 "," $97,336.38 "," $86,971.60 "," $74,760.60 "," $108,894.16 "," $99,813.00 "," $105,980.23 "," $100,055.62 "," $108,469.37 "," $96,047.03 "," $79,636.47 "," $118,200.23 ",," $1,164,111.47 "
 Goodland ," $21,144.18 "," $25,764.46 "," $23,680.04 "," $19,863.96 "," $25,123.46 "," $25,343.89 "," $24,895.80 "," $23,230.44 "," $26,420.88 "," $26,380.88 "," $19,876.85 "," $26,456.83 ",," $288,181.67 "
 Grandview Plaza ," $12,585.71 "," $11,042.26 "," $13,373.45 "," $10,935.06 "," $13,185.82 "," $12,027.96 "," $13,878.44 "," $13,786.83 "," $18,228.86 "," $13,077.66 "," $10,771.43 "," $27,942.42 ",," $170,835.90 "
 Great Bend ," $204,559.20 "," $237,754.22 "," $216,607.37 "," $192,911.15 "," $248,922.80 "," $272,419.78 "," $233,308.48 "," $237,342.99 "," $237,576.38 "," $237,193.22 "," $190,924.58 "," $280,999.40 ",," $2,790,519.57 "
 Greensburg ," $10,780.71 "," $17,124.55 "," $10,130.95 "," $9,239.23 "," $11,891.91 "," $12,224.63 "," $12,020.99 "," $11,346.91 "," $13,369.26 "," $10,601.43 "," $11,027.15 "," $15,111.21 ",," $144,868.93 "
 Grinnell , $750.77 , $749.27 , $401.24 , $381.22 , $805.84 , $701.93 , $622.20 , $572.07 ," $1,118.48 ", $452.56 , $281.40 , $725.93 ,," $7,562.91 "
 Hardtner , $-   , $-   , $-   , $-   , $-   , $-   , $-   , $-   , $-   , $-   , $-   , $-   ,, $-   
 Harper ," $29,852.74 "," $26,727.16 "," $29,509.77 "," $28,482.34 "," $37,125.52 "," $41,445.55 "," $41,201.74 "," $36,619.81 "," $40,907.54 "," $33,179.30 "," $32,300.35 "," $35,881.95 ",," $413,233.77 "
 Hartford ," $1,316.80 "," $1,949.71 "," $2,068.20 "," $1,743.36 "," $2,278.52 "," $2,241.05 "," $2,395.05 "," $1,762.90 "," $1,828.41 "," $1,597.02 "," $2,008.19 "," $1,859.65 ",," $23,048.86 "
 Haven ," $5,136.35 "," $7,311.70 "," $4,346.74 "," $5,034.67 "," $6,630.25 ", $10.41 , $0.19 , $6.42 , $4.06 , $0.08 , $4.77 , $-   ,," $28,485.64 "
 Hays ," $820,410.80 "," $900,620.40 "," $838,179.59 "," $702,589.07 "," $980,549.39 "," $925,831.20 "," $917,680.50 "," $965,451.72 "," $1,019,250.02 "," $908,316.29 "," $750,130.99 "," $1,158,520.42 ",," $10,887,530.39 "
 Haysville ," $55,987.45 "," $53,326.24 "," $64,831.10 "," $63,091.15 "," $63,579.11 "," $67,389.48 "," $72,643.15 "," $62,902.51 "," $79,552.49 "," $61,824.39 "," $43,481.61 "," $92,226.59 ",," $780,835.27 "
 Herington ," $34,228.51 "," $34,675.53 "," $45,631.75 "," $35,406.96 "," $40,092.96 "," $22,411.46 "," $21,519.37 "," $22,490.15 "," $22,329.83 "," $21,720.45 "," $19,484.09 "," $21,943.98 ",," $341,935.04 "
 Hiawatha ," $90,606.32 "," $98,981.75 "," $94,089.49 "," $81,941.54 "," $108,274.95 "," $97,625.21 "," $103,630.35 "," $95,096.27 "," $96,183.42 "," $89,939.35 "," $91,401.21 "," $106,869.09 ",," $1,154,638.95 "
 Highland ," $3,864.53 "," $10,678.85 "," $4,645.21 "," $6,752.37 "," $3,948.22 "," $4,986.98 "," $7,706.94 "," $3,288.43 "," $4,047.85 "," $7,546.63 "," $3,035.66 "," $4,929.26 ",," $65,430.93 "
 Hill City ," $16,466.38 "," $18,361.39 "," $18,745.91 "," $14,983.44 "," $23,665.98 "," $28,399.62 "," $20,428.86 "," $21,615.14 "," $19,253.47 "," $19,976.56 "," $14,634.87 "," $25,523.73 ",," $242,055.35 "
 Hillsboro ," $37,441.57 "," $37,746.52 "," $37,611.33 "," $40,807.85 "," $47,120.16 "," $44,770.10 "," $44,149.81 "," $42,879.49 "," $47,175.87 "," $46,057.31 "," $39,387.34 "," $57,714.27 ",," $522,861.62 "
 Hoisington ," $15,147.55 "," $14,731.46 "," $16,556.12 "," $15,586.93 "," $17,199.02 "," $15,355.29 "," $17,087.64 "," $18,004.64 "," $16,025.45 "," $13,631.70 "," $13,866.53 "," $19,124.22 ",," $192,316.55 "
 Holcomb ," $4,587.91 "," $4,653.97 "," $4,747.13 "," $3,552.54 "," $5,346.02 "," $4,972.96 "," $5,097.80 "," $5,312.12 "," $5,226.55 "," $5,321.01 "," $4,908.34 "," $6,027.62 ",," $59,753.97 "
 Holton ," $59,164.13 "," $71,045.39 "," $62,856.37 "," $59,752.46 "," $72,627.65 "," $70,412.10 "," $68,263.16 "," $67,475.19 "," $66,444.13 "," $55,995.32 "," $62,045.95 "," $72,460.52 ",," $788,542.37 "
 Horton ," $19,425.78 "," $27,004.46 "," $22,290.12 "," $25,627.87 "," $32,100.72 "," $22,277.36 "," $22,974.63 "," $20,133.53 "," $24,682.04 "," $23,490.58 "," $16,685.72 "," $27,732.54 ",," $284,425.35 "
 Howard ," $5,938.84 "," $6,930.14 "," $6,172.59 "," $5,619.07 "," $7,152.90 "," $6,438.59 "," $6,073.13 "," $6,990.12 "," $6,206.31 "," $5,647.82 "," $5,988.83 "," $7,377.22 ",," $76,535.56 "
 Hugoton ," $54,358.43 "," $57,614.85 "," $53,268.81 "," $55,345.11 "," $69,720.80 "," $66,711.78 "," $64,410.65 "," $66,534.09 "," $66,269.19 "," $59,261.60 "," $48,791.88 "," $90,523.87 ",," $752,811.06 "
 Humboldt ," $18,132.38 "," $23,596.53 "," $23,901.25 "," $17,374.81 "," $23,839.65 "," $22,713.20 "," $22,535.16 "," $24,338.29 "," $30,003.49 "," $23,401.08 "," $18,959.67 "," $39,391.54 ",," $288,187.05 "
 Hutchinson ," $667,279.81 "," $813,065.99 "," $745,129.17 "," $674,098.75 "," $804,220.67 "," $799,340.66 "," $821,357.39 "," $752,263.08 "," $792,694.88 "," $741,388.33 "," $682,203.20 "," $931,186.12 ",," $9,224,228.05 "
 Independence ," $424,379.68 "," $497,373.90 "," $460,763.03 "," $441,909.89 "," $524,231.68 "," $544,777.99 "," $478,723.97 "," $506,790.19 "," $506,545.94 "," $456,507.97 "," $443,573.92 "," $517,898.62 ",," $5,803,476.78 "
 Iola ," $108,344.67 "," $120,112.00 "," $113,270.96 "," $99,346.45 "," $132,988.86 "," $139,538.83 "," $118,435.31 "," $120,171.38 "," $129,036.91 "," $110,385.01 "," $90,974.52 "," $150,191.60 ",," $1,432,796.50 "
 Jetmore ," $11,114.56 "," $10,575.28 "," $9,506.60 "," $11,205.72 "," $8,529.66 "," $11,546.11 "," $12,957.24 "," $12,197.01 "," $14,620.37 "," $8,979.53 "," $8,754.36 "," $15,428.33 ",," $135,414.77 "
 Junction City ," $684,409.72 "," $739,891.49 "," $753,251.72 "," $646,592.29 "," $847,054.12 "," $792,948.78 "," $758,616.61 "," $694,929.11 "," $733,548.71 "," $658,861.70 "," $618,172.48 "," $816,012.53 ",," $8,744,289.26 "
 Kanopolis ," $1,783.83 "," $1,828.12 "," $1,328.12 "," $1,596.08 "," $1,505.68 "," $1,678.34 "," $1,566.79 "," $2,124.05 "," $2,161.37 "," $1,709.71 "," $1,595.49 "," $3,430.68 ",," $22,308.26 "
 Kansas City ," $3,265,190.25 "," $3,506,419.89 "," $3,197,171.21 "," $2,948,039.57 "," $3,712,464.79 "," $3,636,674.30 "," $3,637,084.37 "," $3,620,505.64 "," $3,713,300.22 "," $3,616,520.76 "," $2,990,008.58 "," $4,268,137.38 ",," $42,111,516.96 "
 Kensington ," $3,515.41 "," $4,472.89 "," $3,998.73 "," $2,652.59 "," $4,031.76 "," $3,454.41 "," $4,004.72 "," $3,615.26 "," $4,829.48 "," $3,978.76 "," $2,960.29 "," $3,744.25 ",," $45,258.55 "
 Kincaid , $844.02 , $440.75 , $469.28 , $517.95 ," $1,152.76 ", $495.61 , $650.50 , $638.01 , $834.78 , $588.43 , $368.89 , $720.92 ,," $7,721.90 "
 Kingman ," $38,067.77 "," $40,495.60 "," $35,880.18 "," $36,290.90 "," $38,936.19 "," $50,534.93 "," $34,896.77 "," $35,162.11 "," $47,297.08 "," $33,387.94 "," $31,616.93 "," $61,660.56 ",," $484,226.96 "
 Kinsley ," $12,502.11 "," $15,325.59 "," $15,692.07 "," $12,283.99 "," $15,273.67 "," $13,239.15 "," $12,628.45 "," $14,035.13 "," $13,702.25 "," $13,526.98 "," $11,111.88 "," $15,410.97 ",," $164,732.24 "
 Kiowa ," $7,925.01 "," $9,430.90 "," $8,631.20 "," $7,714.59 "," $10,176.04 "," $9,079.52 "," $9,242.41 "," $8,927.15 "," $7,723.67 "," $8,982.92 "," $10,525.49 "," $15,558.58 ",," $113,917.48 "
 LaCrosse ," $18,302.02 "," $20,198.68 "," $19,497.72 "," $19,178.75 "," $21,549.65 "," $26,949.90 "," $22,817.16 "," $18,445.18 "," $24,637.58 "," $25,177.82 "," $21,704.14 "," $20,725.83 ",," $259,184.43 "
 LaCygne ," $22,668.92 "," $28,645.57 "," $26,208.93 "," $24,318.27 "," $21,560.34 "," $28,479.13 "," $26,116.25 "," $27,493.08 "," $26,477.55 "," $24,437.42 "," $21,499.61 "," $29,413.48 ",," $307,318.55 "
 LaHarpe ," $1,268.64 "," $1,584.01 "," $1,440.11 "," $1,280.04 "," $1,711.62 "," $2,554.09 "," $2,778.28 "," $1,181.81 "," $2,172.88 "," $1,407.22 ", $695.11 ," $2,039.05 ",," $20,112.86 "
 Lakin ," $13,711.90 "," $13,095.49 "," $15,074.86 "," $13,043.85 "," $17,716.91 "," $16,055.82 "," $15,050.11 "," $15,829.04 "," $15,713.88 "," $18,726.82 "," $16,954.07 "," $17,365.81 ",," $188,338.56 "
 Lane , $580.14 , $514.07 , $559.00 , $453.92 , $566.44 , $391.05 , $582.02 , $733.06 ," $1,041.02 ", $623.21 , $506.08 , $799.22 ,," $7,349.23 "
 Lansing ," $97,048.86 "," $117,862.93 "," $108,322.52 "," $104,372.93 "," $128,093.55 "," $130,162.31 "," $126,809.01 "," $122,863.32 "," $121,667.00 "," $114,801.37 "," $104,916.26 "," $140,929.11 ",," $1,417,849.17 "
 Larned ," $19,818.69 "," $23,165.06 "," $21,946.85 "," $18,012.89 "," $25,038.39 "," $16,765.05 "," $21,798.36 "," $21,108.16 "," $23,415.07 "," $20,396.63 "," $16,985.67 "," $28,434.19 ",," $256,885.01 "
 Lawrence ," $1,981,153.94 "," $2,328,228.00 "," $2,046,142.66 "," $1,893,803.28 "," $2,389,412.66 "," $2,395,391.54 "," $2,336,857.99 "," $2,150,450.95 "," $2,416,698.46 "," $2,250,739.88 "," $2,064,110.20 "," $2,854,009.52 ",," $27,106,999.08 "
 Leavenworth ," $790,363.01 "," $932,942.96 "," $814,978.49 "," $749,432.57 "," $929,203.44 "," $901,552.43 "," $858,955.89 "," $844,264.83 "," $904,890.50 "," $792,581.17 "," $637,584.38 "," $1,054,977.18 ",," $10,211,726.85 "
 Leawood ," $633,124.96 "," $759,511.68 "," $625,674.99 "," $535,289.23 "," $633,824.21 "," $631,245.12 "," $689,023.52 "," $691,204.91 "," $746,697.72 "," $612,335.04 "," $648,120.31 "," $858,506.10 ",," $8,064,557.79 "
 Lebo ," $15,547.67 "," $16,536.46 "," $16,317.49 "," $12,700.26 "," $23,274.44 "," $19,098.77 "," $17,937.46 "," $18,575.47 "," $18,848.57 "," $16,624.07 "," $28,691.13 "," $17,825.72 ",," $221,977.51 "
 Lecompton ," $2,881.56 "," $5,224.83 "," $4,035.75 "," $3,483.96 "," $4,668.80 "," $3,769.92 "," $7,597.84 ", $821.27 ," $5,385.05 "," $3,857.25 "," $3,179.76 "," $3,610.17 ",," $48,516.16 "
 Lenexa ," $1,574,850.32 "," $1,677,508.65 "," $1,584,043.57 "," $1,418,483.33 "," $1,672,977.70 "," $1,710,150.20 "," $1,756,956.01 "," $1,696,867.99 "," $1,840,429.99 "," $1,987,713.42 "," $1,509,460.75 "," $2,289,835.50 ",," $20,719,277.43 "
 Leon ," $1,879.21 "," $3,403.03 "," $3,401.14 "," $2,686.11 "," $2,880.48 "," $3,979.27 "," $2,774.86 "," $2,336.99 "," $3,406.11 "," $2,366.81 "," $2,311.11 "," $3,226.58 ",," $34,651.70 "
 Leonardville ," $1,989.03 "," $1,923.13 "," $4,201.01 "," $2,328.47 "," $2,075.65 "," $2,152.27 "," $1,935.60 "," $2,164.48 "," $2,521.47 "," $1,687.07 "," $1,827.85 "," $2,709.01 ",," $27,515.04 "
 LeRoy ," $2,649.07 "," $4,000.66 "," $3,263.49 "," $3,526.47 "," $3,965.92 "," $3,749.25 "," $3,544.96 "," $3,969.17 "," $4,880.41 "," $3,422.01 "," $2,533.85 "," $3,681.75 ",," $43,187.01 "
 Liberal ," $423,225.02 "," $496,875.94 "," $428,588.23 "," $432,591.87 "," $506,087.22 "," $488,885.37 "," $527,476.32 "," $498,799.83 "," $490,747.21 "," $499,861.32 "," $422,446.20 "," $586,848.98 ",," $5,802,433.51 "
 Lincoln Center ," $9,631.14 "," $10,635.80 "," $9,811.42 "," $11,210.86 "," $13,273.46 "," $10,811.84 "," $11,145.37 "," $13,091.11 "," $10,633.90 "," $8,549.21 "," $8,656.80 "," $14,942.80 ",," $132,393.71 "
 Lindsborg ," $38,083.86 "," $38,675.73 "," $38,056.59 "," $34,081.17 "," $40,022.10 "," $44,397.92 "," $41,563.36 "," $43,380.80 "," $41,699.64 "," $39,258.88 "," $39,043.89 "," $63,507.69 ",," $501,771.63 "
 Linwood ," $1,720.79 "," $2,282.76 "," $4,032.70 "," $2,019.18 "," $2,175.14 "," $2,080.80 "," $2,197.93 "," $2,419.56 "," $1,875.49 "," $1,337.50 "," $1,730.01 "," $4,071.90 ",," $27,943.76 "
 Little River ," $3,199.29 "," $2,204.53 "," $1,976.15 "," $2,415.24 "," $2,907.95 "," $2,397.82 "," $1,861.57 "," $1,787.71 "," $2,579.86 "," $2,457.99 "," $2,462.87 "," $2,925.13 ",," $29,176.11 "
 Logan ," $2,642.71 "," $2,583.83 "," $3,677.70 "," $2,042.25 "," $2,951.18 "," $2,958.81 "," $2,971.79 "," $3,434.34 "," $2,852.55 "," $2,740.01 "," $2,604.42 "," $2,778.74 ",," $34,238.33 "
 Longford , $399.81 , $489.74 , $368.92 , $412.36 , $591.19 , $568.71 , $560.63 , $751.10 , $534.23 , $526.88 , $790.65 , $522.32 ,," $6,516.54 "
 Louisburg ," $126,153.25 "," $129,481.82 "," $124,289.21 "," $122,451.58 "," $157,708.37 "," $118,553.75 "," $110,941.89 "," $104,302.44 "," $120,942.58 "," $124,205.83 "," $103,291.75 "," $197,302.96 ",," $1,539,625.43 "
 Lucas ," $3,357.08 "," $2,918.00 "," $2,295.38 "," $2,494.40 "," $3,024.48 "," $2,630.77 "," $2,694.89 "," $3,344.04 "," $3,199.96 "," $3,059.17 "," $3,195.33 "," $3,362.50 ",," $35,576.00 "
 Luray ," $4,714.25 "," $2,767.45 "," $2,166.07 "," $2,192.26 "," $2,584.94 "," $2,648.10 "," $2,209.99 "," $2,376.34 "," $2,755.04 "," $2,958.82 "," $2,401.12 "," $2,988.43 ",," $32,762.81 "
 Lyndon ," $15,897.07 "," $17,673.07 "," $23,314.64 "," $19,052.69 "," $19,290.36 "," $18,381.37 "," $19,487.96 "," $16,396.11 "," $17,590.88 "," $18,119.82 "," $13,740.50 "," $20,019.55 ",," $218,964.02 "
 Lyons ," $29,631.01 "," $31,047.71 "," $36,000.46 "," $26,454.93 "," $37,535.59 "," $36,031.77 "," $36,371.81 "," $38,839.85 "," $35,771.33 "," $33,094.40 "," $34,295.23 "," $42,735.32 ",," $417,809.41 "
 Manhattan ," $1,427,759.09 "," $1,480,990.84 "," $1,372,209.46 "," $1,228,307.36 "," $1,595,714.43 "," $1,545,685.88 "," $1,526,673.49 "," $1,467,004.97 "," $1,480,920.34 "," $1,431,385.98 "," $1,466,005.35 "," $1,851,245.26 ",," $17,873,902.45 "
 Mankato ," $5,775.36 "," $6,230.79 "," $6,828.21 "," $9,236.41 "," $6,941.99 "," $8,311.20 "," $6,909.65 "," $10,086.67 "," $6,318.88 "," $7,978.39 "," $5,625.11 "," $9,668.49 ",," $89,911.15 "
 Maple Hill ," $1,754.47 "," $1,693.73 "," $1,900.06 "," $1,589.72 "," $1,868.34 "," $1,543.70 "," $1,499.36 "," $2,069.44 "," $2,149.11 "," $2,581.27 "," $2,508.60 "," $5,328.78 ",," $26,486.58 "
 Mapleton , $254.11 , $344.19 , $200.78 , $254.19 , $291.54 , $195.18 , $213.08 , $456.71 , $438.05 , $289.16 , $263.86 , $250.67 ,," $3,451.52 "
 Marion ," $13,530.40 "," $16,982.84 "," $15,560.77 "," $13,609.59 "," $18,218.53 "," $20,487.08 "," $18,679.52 "," $17,760.57 "," $18,311.56 "," $15,414.93 "," $15,974.58 "," $17,891.36 ",," $202,421.73 "
 Marquette ," $2,931.96 "," $6,882.18 "," $2,968.60 "," $2,595.33 "," $2,603.20 "," $3,014.08 "," $3,145.14 "," $3,571.33 "," $3,990.23 "," $3,455.62 "," $3,449.10 "," $3,867.13 ",," $42,473.90 "
 Marysville ," $121,468.27 "," $133,576.89 "," $116,730.47 "," $105,282.46 "," $128,427.73 "," $136,012.11 "," $127,906.50 "," $122,360.41 "," $129,184.29 "," $116,158.53 "," $103,253.59 "," $148,636.67 ",," $1,488,997.92 "
 Mayetta ," $1,785.06 "," $1,688.00 "," $2,323.13 "," $1,358.65 "," $1,363.14 "," $2,212.37 "," $1,903.47 "," $2,139.56 "," $4,327.32 "," $4,485.50 "," $3,778.36 "," $4,048.46 ",," $31,413.02 "
 Mayfield , $332.56 , $379.26 , $524.59 , $319.41 , $571.21 , $293.93 , $337.52 , $342.67 , $366.95 , $316.83 , $438.20 , $390.33 ,," $4,613.46 "
 McCune ," $1,488.69 "," $1,645.47 "," $1,138.77 "," $1,253.21 "," $1,302.51 "," $1,649.97 "," $1,514.41 "," $1,457.05 "," $1,422.95 "," $1,244.06 ", $796.18 ," $1,859.42 ",," $16,772.69 "
 McPherson ," $234,570.45 "," $261,020.52 "," $248,092.46 "," $215,432.46 "," $281,679.36 "," $267,371.78 "," $264,312.65 "," $275,758.75 "," $278,531.67 "," $276,602.56 "," $239,051.89 "," $307,161.24 ",," $3,149,585.79 "
 Meade ," $15,813.63 "," $15,959.41 "," $19,011.18 "," $16,252.10 "," $18,793.69 "," $17,188.04 "," $16,075.14 "," $18,717.72 "," $20,276.09 "," $16,306.20 "," $14,684.40 "," $25,511.76 ",," $214,589.36 "
 Medicine Lodge ," $18,944.86 "," $20,048.38 "," $17,284.01 "," $21,494.69 "," $18,535.18 "," $25,437.64 "," $19,389.86 "," $18,763.61 "," $19,371.70 "," $15,856.65 "," $15,588.81 "," $26,616.39 ",," $237,331.78 "
 Melvern ," $1,869.82 "," $2,807.87 "," $1,633.26 "," $2,011.17 "," $1,586.55 "," $1,825.63 "," $2,600.41 "," $1,847.58 "," $2,228.04 "," $1,634.19 "," $2,163.59 "," $2,665.12 ",," $24,873.23 "
 Meriden ," $3,093.86 "," $3,471.70 "," $3,160.80 "," $3,360.48 "," $4,949.18 "," $3,840.71 "," $4,316.26 "," $4,307.20 "," $4,789.09 "," $3,462.04 "," $3,872.90 "," $5,148.03 ",," $47,772.25 "
 Merriam ," $985,133.47 "," $1,074,857.58 "," $1,004,314.20 "," $922,233.77 "," $1,199,015.02 "," $1,263,588.08 "," $1,197,301.45 "," $1,169,053.07 "," $1,314,459.62 "," $1,156,584.09 "," $1,007,362.81 "," $1,413,478.94 ",," $13,707,382.10 "
 Miltonvale ," $4,844.39 "," $4,531.56 "," $5,224.51 "," $3,873.23 "," $4,676.37 "," $5,042.92 "," $7,427.50 "," $3,842.10 "," $6,670.31 "," $3,885.27 "," $3,710.08 "," $7,295.80 ",," $61,024.04 "
 Minneapolis ," $13,959.77 "," $17,340.85 "," $16,979.98 "," $14,957.45 "," $15,238.43 "," $18,031.05 "," $16,421.35 "," $16,001.14 "," $16,057.45 "," $14,305.81 "," $12,175.58 "," $26,716.42 ",," $198,185.28 "
 Minneola ," $4,746.31 "," $4,281.65 "," $4,404.17 "," $5,171.15 "," $7,132.31 "," $4,337.30 "," $4,445.01 "," $4,125.20 "," $3,091.22 "," $4,313.25 "," $5,762.85 "," $4,374.41 ",," $56,184.83 "
 Mission ," $329,066.43 "," $380,913.57 "," $351,545.09 "," $316,891.44 "," $374,488.92 "," $373,739.90 "," $363,451.85 "," $345,552.71 "," $368,868.30 "," $336,703.56 "," $307,878.54 "," $454,199.46 ",," $4,303,299.77 "
 Mission Hills ," $62,009.11 "," $58,832.62 "," $63,784.67 "," $60,511.80 "," $65,803.11 "," $71,664.34 "," $81,297.44 "," $80,020.64 "," $81,505.12 "," $72,968.56 "," $71,989.19 "," $98,170.56 ",," $868,557.16 "
 Mission Woods ," $3,663.83 "," $4,869.41 "," $2,476.44 "," $2,323.20 "," $2,949.14 "," $3,543.03 "," $4,589.16 "," $2,532.86 "," $3,969.77 "," $3,056.34 "," $4,546.85 "," $6,466.98 ",," $44,987.01 "
 Montezuma ," $25,991.94 "," $28,624.51 "," $30,885.41 "," $31,092.02 "," $29,257.67 "," $30,145.98 "," $37,965.26 "," $34,120.92 "," $30,221.47 "," $35,754.97 "," $25,553.12 "," $40,635.50 ",," $380,248.77 "
 Moran ," $1,824.02 "," $1,981.58 "," $1,943.37 "," $1,893.88 "," $2,200.14 "," $2,712.01 "," $2,002.58 "," $2,671.47 "," $7,686.22 "," $2,291.78 "," $2,882.50 "," $3,305.28 ",," $33,394.83 "
 Morland , $541.71 , $904.06 , $905.68 , $465.95 , $920.90 , $601.41 , $579.86 , $791.07 ," $2,525.00 ", $649.47 , $748.09 , $959.62 ,," $10,592.82 "
 Moscow ," $3,993.39 "," $3,963.33 "," $7,800.78 "," $6,848.54 "," $3,643.12 "," $1,511.72 "," $3,361.23 "," $3,653.07 "," $3,834.91 "," $3,106.50 "," $2,969.93 "," $3,961.12 ",," $48,647.64 "
 Mound City ," $12,773.49 "," $12,143.40 "," $13,802.59 "," $11,302.78 "," $12,937.48 "," $13,830.77 "," $12,285.67 "," $13,671.65 "," $12,797.32 "," $13,765.00 "," $9,999.81 "," $15,732.93 ",," $155,042.89 "
 Mound Valley , $583.79 ," $1,143.50 ", $997.34 , $719.22 , $767.82 , $954.92 , $959.44 , $708.34 , $903.92 ," $1,012.79 ", $835.56 , $859.14 ,," $10,445.78 "
 Moundridge ," $18,547.67 "," $15,459.89 "," $17,983.56 "," $22,794.33 "," $22,423.98 "," $23,484.60 "," $18,112.35 "," $18,756.59 "," $23,051.74 "," $23,619.75 "," $16,961.05 "," $24,601.97 ",," $245,797.48 "
 Mullinville ," $1,208.12 ", $862.07 , $916.69 , $736.57 ," $1,258.91 ", $951.45 ," $1,418.84 "," $1,078.20 ", $791.09 , $863.47 , $936.02 ," $1,657.68 ",," $12,679.11 "
 Mulvane ," $42,091.12 "," $45,349.90 "," $43,944.27 "," $38,108.65 "," $47,402.47 "," $44,298.78 "," $49,631.87 "," $44,724.41 "," $1,739.10 ", $602.00 ," $4,585.98 "," $1,086.05 ",," $363,564.60 "
 Neodesha ," $33,827.03 "," $36,730.92 "," $37,677.51 "," $38,071.62 "," $50,640.53 "," $65,080.46 "," $64,601.99 "," $48,718.11 "," $62,489.93 "," $64,710.96 "," $72,045.78 "," $61,397.26 ",," $635,992.10 "
 Neosho Rapids , $212.33 , $519.85 , $454.70 , $500.28 , $515.43 , $534.92 , $515.35 ," $1,621.67 ", $507.81 , $897.97 , $460.80 , $795.85 ,," $7,536.96 "
 Ness City ," $27,208.67 "," $33,425.00 "," $32,519.91 "," $28,453.28 "," $27,591.68 "," $34,287.45 "," $33,929.55 "," $35,287.98 "," $32,444.15 "," $34,330.38 "," $40,023.20 "," $36,710.23 ",," $396,211.48 "
 Nickerson ," $4,934.61 "," $4,012.25 "," $4,938.26 "," $4,897.46 "," $6,004.06 "," $4,872.11 "," $4,944.05 "," $3,767.92 "," $8,562.65 "," $8,196.26 "," $6,274.39 "," $6,995.28 ",," $68,399.30 "
 Norton ," $39,096.52 "," $43,832.90 "," $43,234.93 "," $34,090.58 "," $52,381.95 "," $50,995.73 "," $53,620.93 "," $52,590.79 "," $54,834.26 "," $46,823.63 "," $40,711.10 "," $54,705.67 ",," $566,918.99 "
 Oak Hill , $66.89 , $39.46 , $90.91 , $44.83 , $54.21 , $52.20 , $54.58 , $25.12 , $50.46 , $26.39 , $60.06 , $104.81 ,, $669.92 
 Oakley ," $15,657.81 "," $18,744.53 "," $17,963.29 "," $16,867.25 "," $18,167.89 "," $16,563.50 "," $18,786.28 "," $21,144.43 "," $21,323.40 "," $20,903.68 "," $18,907.96 "," $21,937.49 ",," $226,967.51 "
 Oberlin ," $30,431.52 "," $25,140.33 "," $22,984.28 "," $18,520.57 "," $27,723.81 "," $23,479.53 "," $26,171.21 "," $27,309.38 "," $28,779.02 "," $26,242.89 "," $20,883.89 "," $30,116.30 ",," $307,782.73 "
 Ogden ," $6,158.46 "," $6,339.09 "," $8,894.55 "," $6,991.24 "," $6,996.07 "," $8,398.17 "," $7,731.10 "," $6,885.60 "," $8,151.72 "," $6,188.87 "," $6,742.55 "," $8,080.16 ",," $87,557.58 "
 Olathe ," $3,407,733.87 "," $2,870,708.33 "," $3,335,850.53 "," $3,165,123.50 "," $3,744,245.20 "," $4,147,794.27 "," $3,949,082.09 "," $3,753,888.44 "," $4,062,446.41 "," $3,595,706.66 "," $3,370,927.87 "," $4,616,585.74 ",," $44,020,092.91 "
 Olpe ," $1,308.41 "," $1,424.77 "," $1,344.83 "," $2,120.30 "," $2,527.22 "," $3,389.53 "," $2,969.56 "," $3,287.55 "," $2,462.25 "," $2,487.05 "," $3,752.98 "," $2,482.79 ",," $29,557.24 "
 Onaga ," $5,515.68 "," $7,014.05 "," $5,475.41 "," $4,943.56 "," $9,148.00 "," $6,381.26 "," $7,043.20 "," $8,007.88 "," $6,798.44 "," $6,719.98 "," $5,608.69 "," $8,400.76 ",," $81,056.91 "
 Osage City ," $41,347.04 "," $44,284.87 "," $42,952.96 "," $42,695.45 "," $48,119.40 "," $51,349.45 "," $50,557.05 "," $52,375.63 "," $48,555.16 "," $42,073.90 "," $36,105.89 "," $55,840.88 ",," $556,257.68 "
 Osawatomie ," $26,323.46 "," $31,904.01 "," $30,823.87 "," $31,060.32 "," $35,292.85 "," $29,632.38 "," $28,799.13 "," $27,904.95 "," $28,514.55 "," $27,641.37 "," $22,594.78 "," $35,190.26 ",," $355,681.93 "
 Oskaloosa ," $13,718.53 "," $15,322.03 "," $14,292.38 "," $12,815.76 "," $13,081.96 "," $14,290.76 "," $17,177.72 "," $12,526.73 "," $15,121.66 "," $13,113.09 "," $12,167.66 "," $17,328.52 ",," $170,956.80 "
 Oswego ," $19,464.93 "," $21,505.22 "," $20,715.57 "," $18,974.39 "," $20,800.92 "," $20,805.81 "," $17,933.19 "," $18,242.79 "," $19,294.24 "," $18,096.14 "," $12,488.02 "," $24,541.68 ",," $232,862.90 "
 Ottawa ," $343,076.62 "," $369,978.32 "," $344,120.32 "," $316,746.24 "," $416,116.82 "," $406,562.33 "," $376,934.58 "," $390,549.79 "," $366,787.02 "," $381,165.88 "," $348,136.72 "," $426,767.67 ",," $4,486,942.31 "
 Overbrook ," $7,268.33 "," $9,768.07 "," $8,427.34 "," $7,545.86 "," $7,578.28 "," $9,603.58 "," $9,010.18 "," $8,201.13 "," $10,011.36 "," $9,674.09 "," $8,552.91 "," $10,359.50 ",," $106,000.63 "
 Overland Park ," $3,685,014.58 "," $4,172,365.62 "," $3,653,577.19 "," $3,361,500.24 "," $3,959,574.63 "," $4,073,965.50 "," $4,291,787.15 "," $4,002,599.48 "," $4,385,489.96 "," $4,140,180.39 "," $3,931,090.79 "," $4,928,966.67 ",," $48,586,112.20 "
 Oxford ," $4,420.42 "," $4,385.10 "," $5,134.51 "," $4,037.38 "," $4,830.24 "," $5,787.98 "," $4,851.73 "," $4,810.06 "," $5,338.55 "," $4,206.33 "," $3,343.07 "," $6,139.23 ",," $57,284.60 "
 Ozawkie ," $2,805.04 "," $3,086.44 "," $3,966.99 "," $2,617.23 "," $3,296.64 "," $4,232.61 "," $4,018.60 "," $2,748.64 "," $4,226.80 "," $3,632.44 "," $3,630.98 "," $5,154.66 ",," $43,417.07 "
 Palco ," $3,785.75 "," $2,978.99 "," $4,486.24 "," $3,491.43 "," $3,997.97 "," $3,926.20 "," $2,690.95 "," $3,964.95 "," $4,347.01 "," $3,327.01 "," $1,012.42 "," $5,322.12 ",," $43,331.04 "
 Paola ," $163,136.27 "," $173,675.58 "," $153,963.31 "," $143,447.37 "," $176,918.47 "," $173,208.83 "," $173,757.76 "," $168,747.25 "," $176,474.32 "," $163,443.21 "," $142,060.90 "," $193,109.94 ",," $2,001,943.21 "
 Parker ," $6,864.62 "," $5,736.80 "," $4,858.08 "," $6,791.16 "," $7,229.92 "," $6,491.69 "," $6,680.38 "," $6,801.65 "," $6,030.45 "," $19,118.10 "," $12,495.21 "," $10,755.94 ",," $99,854.00 "
 Parsons ," $200,419.78 "," $223,975.14 "," $212,339.71 "," $192,512.35 "," $226,266.20 "," $220,607.37 "," $226,284.50 "," $208,627.77 "," $233,289.88 "," $208,183.23 "," $188,698.53 "," $259,841.42 ",," $2,601,045.88 "
 Paxico ," $1,007.85 ", $960.88 ," $1,190.69 ", $920.20 ," $1,069.91 ", $992.65 ," $1,409.11 "," $1,264.80 ", $705.04 ," $1,170.82 ", $835.69 ," $1,203.81 ",," $12,731.45 "
 Peabody ," $4,297.69 "," $5,521.63 "," $6,269.83 "," $4,899.36 "," $6,180.65 "," $5,799.77 "," $6,760.89 "," $5,587.60 "," $5,440.17 "," $6,388.10 "," $5,000.73 "," $8,033.98 ",," $70,180.40 "
 Perry ," $3,432.13 "," $4,152.65 "," $4,454.46 "," $3,365.97 "," $5,404.95 "," $4,442.93 "," $3,637.24 "," $5,184.93 "," $7,532.13 "," $6,901.20 "," $6,430.81 "," $9,152.59 ",," $64,091.99 "
 Phillipsburg ," $64,647.65 "," $76,665.46 "," $67,039.86 "," $57,341.49 "," $82,364.82 "," $74,501.60 "," $63,403.95 "," $74,944.81 "," $67,352.24 "," $63,290.33 "," $51,409.76 "," $92,373.18 ",," $835,335.15 "
 Pittsburg ," $481,599.33 "," $538,808.31 "," $477,595.61 "," $434,375.76 "," $530,254.59 "," $570,039.50 "," $530,897.16 "," $491,772.60 "," $551,126.76 "," $502,180.69 "," $416,991.52 "," $667,894.35 ",," $6,193,536.18 "
 Plainville ," $37,121.59 "," $40,478.10 "," $22,674.48 "," $16,233.42 "," $26,772.37 "," $46,161.09 "," $44,938.40 "," $54,677.40 "," $50,241.16 "," $46,775.41 "," $40,533.36 "," $56,584.08 ",," $483,190.86 "
 Pleasanton ," $16,028.79 "," $17,487.27 "," $15,707.15 "," $14,435.57 "," $19,607.73 "," $21,730.84 "," $15,758.24 "," $12,173.84 "," $15,570.32 "," $14,491.16 "," $10,572.88 "," $16,442.07 ",," $190,005.86 "
 Pomona ," $10,834.94 "," $10,681.80 "," $14,011.49 "," $10,457.18 "," $22,439.03 "," $15,051.85 "," $13,402.29 "," $11,890.21 "," $14,231.63 "," $11,743.93 "," $12,348.61 "," $14,131.00 ",," $161,223.96 "
 Potwin ," $1,429.92 "," $1,358.21 "," $1,468.18 "," $1,742.18 "," $1,248.50 "," $1,320.82 "," $1,761.12 "," $1,198.95 "," $1,836.20 "," $1,160.49 "," $1,500.20 "," $1,575.60 ",," $17,600.37 "
 Prairie Village ," $208,999.47 "," $234,800.60 "," $216,139.23 "," $199,051.70 "," $206,752.38 "," $237,008.83 "," $240,042.17 "," $204,804.05 "," $253,276.47 "," $213,539.69 "," $189,470.43 "," $294,838.27 ",," $2,698,723.29 "
 Pratt ," $98,270.17 "," $104,260.08 "," $103,125.47 "," $89,831.35 "," $111,182.44 "," $106,872.43 "," $107,100.93 "," $111,222.88 "," $105,364.16 "," $102,313.72 "," $96,698.33 "," $120,826.92 ",," $1,257,068.88 "
 Pretty Prairie ," $2,251.74 "," $2,177.98 "," $2,156.59 "," $2,159.96 "," $2,934.16 "," $2,515.81 "," $2,270.69 "," $2,617.15 "," $6,600.47 "," $3,138.67 "," $2,507.58 "," $3,711.88 ",," $35,042.68 "
 Princeton ," $4,434.09 "," $2,796.16 "," $3,175.89 "," $2,916.75 "," $3,038.92 "," $3,190.71 "," $3,514.78 "," $3,799.53 "," $4,357.77 "," $4,187.30 "," $4,491.17 "," $4,669.83 ",," $44,572.90 "
 Protection ," $5,617.79 "," $6,391.87 "," $7,537.24 "," $5,279.36 "," $7,976.61 "," $5,602.50 "," $6,726.68 "," $8,124.47 "," $5,953.35 "," $7,913.95 "," $5,679.61 "," $7,217.15 ",," $80,020.58 "
 Randolph ," $1,165.28 "," $1,100.95 "," $1,066.29 "," $1,097.07 "," $1,176.89 "," $1,309.38 "," $2,323.91 "," $1,161.20 "," $1,890.94 "," $1,590.03 "," $1,711.87 "," $1,601.20 ",," $17,195.01 "
 Ransom , $874.24 , $881.19 ," $1,102.56 ", $842.18 ," $1,054.19 "," $1,081.53 ", $826.76 ," $1,161.27 "," $1,192.28 ", $887.05 ," $1,029.54 "," $1,267.07 ",," $12,199.86 "
 Richmond ," $1,518.76 "," $1,023.74 "," $1,007.17 "," $1,042.77 "," $1,181.60 "," $1,111.84 "," $1,143.05 "," $1,054.89 "," $1,146.62 "," $1,807.94 ", $613.19 ," $1,682.65 ",," $14,334.22 "
 Riley ," $6,611.01 "," $8,382.37 "," $7,331.32 "," $7,554.34 "," $7,733.43 "," $7,958.23 "," $7,985.50 "," $7,231.12 "," $7,501.51 "," $7,119.47 "," $7,451.65 "," $8,910.57 ",," $91,770.52 "
 Roeland Park ," $165,297.21 "," $175,101.23 "," $154,060.69 "," $138,857.45 "," $173,992.01 "," $213,180.36 "," $206,812.29 "," $207,471.27 "," $197,556.79 "," $189,900.60 "," $202,658.58 "," $225,339.44 ",," $2,250,227.92 "
 Rolla ," $2,626.39 "," $3,149.78 "," $2,687.24 "," $2,985.34 "," $3,007.38 "," $2,917.30 "," $4,841.03 "," $3,417.69 "," $3,247.61 "," $3,729.67 "," $2,284.67 "," $3,192.19 ",," $38,086.29 "
 Rose Hill ," $17,738.67 "," $19,920.06 "," $22,781.69 "," $20,506.83 "," $21,561.12 "," $21,111.17 "," $25,150.63 "," $20,748.25 "," $22,755.86 "," $21,165.66 "," $19,751.79 "," $24,984.68 ",," $258,176.41 "
 Rossville ," $7,828.51 "," $7,827.24 "," $8,751.81 "," $7,579.02 "," $10,083.77 "," $9,388.83 "," $6,343.87 "," $7,509.60 "," $8,905.88 "," $7,580.40 "," $9,187.03 "," $12,240.45 ",," $103,226.41 "
 Sabetha ," $39,751.13 "," $47,254.74 "," $37,301.25 "," $37,880.83 "," $40,820.75 "," $43,964.42 "," $45,260.17 "," $40,267.38 "," $43,359.52 "," $40,284.18 "," $33,641.39 "," $56,986.82 ",," $506,772.58 "
 Saint Francis ," $11,445.79 "," $16,422.25 "," $12,457.60 "," $13,785.94 "," $15,487.25 "," $12,912.96 "," $17,009.16 "," $15,161.39 "," $15,986.71 "," $14,254.86 "," $15,542.58 "," $16,417.43 ",," $176,883.92 "
 Saint George ," $3,836.14 "," $4,654.36 "," $6,682.46 "," $5,866.69 "," $7,171.01 "," $4,892.27 "," $7,393.89 "," $4,527.96 "," $7,310.92 "," $3,308.03 "," $5,887.42 "," $5,719.55 ",," $67,250.70 "
 Saint John ," $9,456.74 "," $10,578.96 "," $9,142.91 "," $10,382.85 "," $10,782.36 "," $10,761.24 "," $10,609.61 "," $10,846.54 "," $11,421.41 "," $9,658.13 "," $8,926.91 "," $15,189.19 ",," $127,756.85 "
 Saint Marys ," $27,618.07 "," $26,130.34 "," $34,706.84 "," $26,099.65 "," $28,659.46 "," $27,198.45 "," $26,164.78 "," $22,358.02 "," $31,460.12 "," $25,320.89 "," $15,806.94 "," $34,132.91 ",," $325,656.47 "
 Saint Paul ," $4,822.44 "," $6,510.09 "," $5,553.99 "," $4,419.46 "," $6,105.64 "," $6,813.37 "," $6,165.88 "," $4,966.89 "," $6,290.97 "," $5,521.42 "," $4,398.37 "," $5,523.54 ",," $67,092.06 "
 Salina ," $1,104,241.59 "," $1,368,086.34 "," $1,153,697.95 "," $1,020,716.65 "," $1,412,225.74 "," $1,283,161.89 "," $1,289,696.68 "," $1,298,258.52 "," $1,308,398.46 "," $1,190,655.57 "," $1,151,798.10 "," $1,536,675.13 ",," $15,117,612.62 "
 Satanta ," $6,490.15 "," $38,615.06 "," $6,269.75 "," $7,041.85 "," $7,736.47 "," $5,809.26 "," $6,247.60 "," $7,348.36 "," $6,525.14 "," $7,176.47 "," $5,630.07 "," $7,912.67 ",," $112,802.85 "
 Scammon ," $1,736.63 "," $1,187.59 "," $2,180.19 "," $1,674.77 "," $1,677.79 "," $1,855.40 "," $1,606.95 "," $1,493.82 "," $1,978.77 "," $1,868.92 "," $1,420.17 "," $2,142.57 ",," $20,823.57 "
 Scott City ," $24,450.82 "," $29,390.50 "," $26,681.85 "," $24,215.79 "," $31,306.83 "," $29,267.07 "," $28,256.90 "," $30,162.62 "," $29,403.11 "," $25,330.77 "," $23,315.29 "," $34,730.08 ",," $336,511.63 "
 Scranton ," $3,395.28 "," $2,223.01 "," $3,574.76 "," $2,203.27 "," $3,072.59 "," $3,529.84 "," $2,600.19 "," $2,856.69 "," $4,241.60 "," $3,007.47 "," $3,317.40 "," $3,963.85 ",," $37,985.95 "
 Sedan ," $16,663.97 "," $16,587.76 "," $15,942.04 "," $15,935.84 "," $17,688.99 "," $18,434.68 "," $15,454.70 "," $16,243.33 "," $23,123.90 "," $16,507.38 "," $13,471.02 "," $21,288.57 ",," $207,342.18 "
 Sedgwick ," $12,219.23 "," $11,861.23 "," $11,406.41 "," $11,570.36 "," $14,937.99 "," $11,329.65 "," $11,217.63 "," $9,766.03 "," $11,556.73 "," $7,207.47 "," $7,212.24 "," $15,740.09 ",," $136,025.06 "
 Seneca ," $48,945.37 "," $58,846.11 "," $50,384.05 "," $52,689.14 "," $68,990.64 "," $65,373.74 "," $63,340.27 "," $56,398.93 "," $63,160.74 "," $58,327.22 "," $53,835.89 "," $65,763.99 ",," $706,056.09 "
 Severy ," $1,489.28 ", $886.36 ," $1,157.24 "," $1,239.80 "," $1,026.62 "," $1,158.72 "," $1,217.96 "," $1,539.28 "," $2,616.22 "," $2,120.10 ", $291.45 ," $5,081.69 ",," $19,824.72 "
 Shawnee ," $1,409,376.56 "," $1,476,880.37 "," $1,399,414.25 "," $1,284,992.53 "," $1,564,036.21 "," $1,581,766.51 "," $1,588,282.23 "," $1,549,189.76 "," $1,639,606.52 "," $1,444,736.46 "," $1,413,806.07 "," $1,784,182.39 ",," $18,136,269.86 "
 Smith Center ," $22,996.28 "," $25,756.32 "," $23,557.28 "," $19,453.58 "," $22,296.58 "," $29,005.65 "," $23,730.44 "," $24,919.47 "," $24,709.05 "," $23,470.80 "," $19,728.46 "," $29,080.78 ",," $288,704.69 "
 South Hutchinson ," $26,444.00 "," $25,926.97 "," $29,433.88 "," $26,658.39 "," $32,827.08 "," $31,742.87 "," $31,714.99 "," $27,227.95 "," $32,053.38 "," $30,137.02 "," $24,112.34 "," $34,899.83 ",," $353,178.70 "
 Spivey , $461.60 ," $1,038.85 "," $1,297.85 "," $1,431.13 "," $1,754.78 "," $3,562.71 "," $1,435.44 "," $1,694.01 "," $2,835.14 "," $3,578.09 "," $1,535.43 "," $3,661.15 ",," $24,286.18 "
 Spring Hill ," $105,617.31 "," $101,128.44 "," $82,961.39 "," $88,410.19 "," $109,800.58 "," $111,758.39 "," $124,930.54 "," $121,846.97 "," $126,676.48 "," $117,316.81 "," $104,096.68 "," $159,853.61 ",," $1,354,397.39 "
 Stafford ," $13,939.91 "," $15,284.23 "," $13,735.31 "," $16,836.97 "," $17,929.10 "," $13,393.92 "," $17,851.52 "," $20,078.03 "," $13,872.55 "," $20,053.95 "," $16,327.48 "," $29,420.45 ",," $208,723.42 "
 Sterling ," $23,255.28 "," $23,609.30 "," $24,231.02 "," $16,635.24 "," $19,781.86 "," $18,475.86 "," $21,816.44 "," $16,851.22 "," $24,918.74 "," $17,875.72 "," $24,006.76 "," $23,107.74 ",," $254,565.18 "
 Stockton ," $31,804.80 "," $34,078.02 "," $31,116.54 "," $28,474.76 "," $42,199.26 "," $35,466.52 "," $38,862.43 "," $32,230.86 "," $39,924.25 "," $31,865.44 "," $31,686.82 "," $41,568.91 ",," $419,278.61 "
 Strong City ," $4,894.00 "," $3,121.50 "," $3,028.07 "," $4,040.68 "," $2,953.10 "," $5,277.79 "," $6,017.56 "," $5,665.62 "," $4,763.69 "," $3,921.38 "," $4,981.04 "," $4,766.91 ",," $53,431.34 "
 Sublette ," $16,952.68 "," $14,860.12 "," $16,102.56 "," $14,177.23 "," $17,488.90 "," $17,320.71 "," $17,068.66 "," $16,616.62 "," $18,472.39 "," $17,864.93 "," $19,740.38 "," $22,862.49 ",," $209,527.67 "
 Sylvia , $197.70 , $200.46 , $183.36 , $139.92 , $298.43 , $239.83 , $219.03 , $196.08 , $350.10 , $313.39 , $271.82 , $410.97 ,," $3,021.09 "
 Syracuse ," $17,138.44 "," $17,207.90 "," $20,493.73 "," $17,353.77 "," $19,935.54 "," $20,240.25 "," $20,949.67 "," $19,009.13 "," $19,382.49 "," $18,141.82 "," $14,708.13 "," $22,044.74 ",," $226,605.61 "
 Thayer ," $4,709.13 "," $5,202.17 "," $5,551.09 "," $5,482.74 "," $4,406.49 "," $4,757.38 "," $4,173.41 "," $5,317.68 "," $6,112.33 "," $3,768.47 "," $3,678.19 "," $6,054.31 ",," $59,213.39 "
 Tipton ," $1,553.29 "," $1,859.40 "," $2,497.96 "," $1,703.03 "," $2,010.40 "," $1,787.93 "," $2,013.37 "," $2,538.73 "," $1,718.21 "," $1,962.68 "," $1,261.55 "," $2,373.44 ",," $23,279.99 "
 Tonganoxie ," $75,588.99 "," $83,117.30 "," $76,749.22 "," $69,692.49 "," $79,634.53 "," $81,174.51 "," $86,622.92 "," $80,346.55 "," $93,365.25 "," $81,885.10 "," $75,704.84 "," $99,344.76 ",," $983,226.46 "
 Topeka ," $3,258,996.42 "," $3,736,854.67 "," $3,339,549.32 "," $3,054,621.00 "," $4,001,311.72 "," $3,790,075.47 "," $3,796,540.65 "," $3,604,419.30 "," $3,844,645.21 "," $3,407,756.15 "," $3,138,549.25 "," $4,310,207.55 ",," $43,283,526.71 "
 Toronto , $756.52 , $524.55 , $794.22 , $781.29 , $700.96 , $865.29 , $969.93 , $725.58 ," $1,748.71 "," $1,439.31 "," $1,143.54 "," $1,200.83 ",," $11,650.73 "
 Towanda ," $6,325.51 "," $5,415.72 "," $6,353.17 "," $7,570.40 "," $7,301.28 "," $7,120.08 "," $6,544.82 "," $5,441.27 "," $7,163.35 "," $6,467.87 "," $5,638.50 "," $7,619.47 ",," $78,961.44 "
 Troy ," $7,192.14 "," $4,976.10 "," $5,528.95 "," $7,241.82 "," $5,431.06 "," $4,861.02 "," $5,337.10 "," $6,580.00 "," $4,978.22 "," $4,833.77 "," $3,541.35 "," $6,505.66 ",," $67,007.19 "
 Udall ," $4,321.99 "," $5,272.37 "," $3,396.76 "," $5,090.20 "," $6,413.19 "," $5,396.39 "," $5,801.91 "," $5,827.67 "," $6,587.66 "," $7,488.51 "," $6,401.19 "," $5,188.14 ",," $67,185.98 "
 Ulysses ," $106,385.71 "," $103,077.21 "," $106,698.03 "," $88,083.16 "," $114,498.88 "," $118,634.89 "," $118,488.08 "," $98,150.50 "," $118,343.69 "," $101,922.07 "," $118,116.22 "," $108,415.03 ",," $1,300,813.47 "
 Uniontown ," $5,150.09 ", $874.63 ," $1,439.57 "," $1,258.77 "," $1,551.62 "," $1,925.11 "," $2,181.75 "," $1,745.55 "," $1,909.01 "," $2,001.24 "," $2,019.19 "," $1,093.85 ",," $23,150.38 "
 Utica , $611.88 , $801.11 ," $1,201.52 ", $971.85 , $836.59 ," $1,021.63 ", $787.50 ," $1,018.51 ", $898.16 , $740.42 , $809.51 ," $1,251.81 ",," $10,950.49 "
 Valley Center , $-   , $-   , $-   , $-   ," $2,345.53 "," $37,515.16 "," $39,947.71 "," $37,238.58 "," $43,649.69 "," $38,143.59 "," $31,983.75 "," $56,230.11 ",," $287,054.12 "
 Valley Falls ," $23,971.88 "," $16,840.24 "," $19,029.44 "," $20,568.65 "," $23,218.26 "," $17,399.57 "," $16,934.01 "," $20,665.44 "," $24,003.51 "," $14,931.71 "," $19,588.96 "," $25,199.95 ",," $242,351.62 "
 Victoria ," $6,406.39 "," $6,643.23 "," $6,644.59 "," $4,930.03 "," $7,535.66 "," $6,072.96 "," $5,633.01 "," $6,775.14 "," $7,492.24 "," $8,413.38 "," $5,441.73 "," $8,955.72 ",," $80,944.08 "
 Wakeeney ," $20,987.35 "," $23,995.67 "," $23,766.55 "," $16,583.91 "," $27,172.15 "," $23,411.31 "," $25,113.22 "," $26,545.17 "," $30,716.46 "," $28,601.01 "," $21,780.64 "," $26,308.96 ",," $294,982.40 "
 Wakefield ," $4,078.77 "," $5,057.81 "," $4,303.06 "," $4,097.67 "," $4,492.43 "," $4,969.05 "," $4,234.31 "," $5,229.19 "," $6,260.25 "," $4,341.10 "," $5,166.37 "," $5,362.00 ",," $57,592.01 "
 Wamego ," $97,425.40 "," $97,989.69 "," $104,019.08 "," $77,001.84 "," $105,332.24 "," $108,411.79 "," $112,335.63 "," $105,601.75 "," $113,338.56 "," $84,976.34 "," $81,854.11 "," $127,011.94 ",," $1,215,298.37 "
 Washington ," $15,370.76 "," $15,447.36 "," $14,590.28 "," $13,593.17 "," $14,472.09 "," $17,206.69 "," $14,459.50 "," $11,877.28 "," $13,477.97 "," $14,092.95 "," $11,622.53 "," $17,774.43 ",," $173,985.01 "
 Waterville ," $4,341.37 "," $8,213.76 "," $6,457.20 "," $5,826.70 "," $8,442.45 "," $6,355.26 "," $8,299.56 "," $11,159.65 "," $7,076.18 "," $7,015.18 "," $6,835.00 "," $9,964.86 ",," $89,987.17 "
 Wathena ," $10,319.99 "," $10,658.47 "," $10,980.15 "," $9,629.87 "," $10,445.99 "," $13,762.37 "," $12,060.39 "," $11,166.62 "," $12,785.91 "," $8,407.56 "," $9,041.63 "," $15,369.00 ",," $134,627.95 "
 Waverly ," $4,235.68 "," $3,995.52 "," $3,991.12 "," $3,661.42 "," $4,740.40 "," $4,997.58 "," $4,582.45 "," $4,402.35 "," $4,442.21 "," $4,367.25 "," $3,642.76 "," $4,432.43 ",," $51,491.17 "
 Weir ," $1,934.83 "," $1,743.11 "," $1,668.25 "," $2,151.28 "," $2,350.87 "," $1,836.76 "," $1,639.44 "," $1,428.69 "," $1,413.36 "," $1,651.75 "," $1,218.67 "," $2,798.49 ",," $21,835.50 "
 Wellington ," $194,392.62 "," $225,049.82 "," $197,772.61 "," $182,448.77 "," $214,627.08 "," $241,451.19 "," $213,652.68 "," $202,994.00 "," $220,726.98 "," $201,003.34 "," $176,580.36 "," $242,978.09 ",," $2,513,677.54 "
 Wellsville ," $18,005.49 "," $18,241.64 "," $23,173.85 "," $21,466.13 "," $22,629.61 "," $25,356.18 "," $23,109.71 "," $24,053.41 "," $25,047.04 "," $19,183.51 "," $20,609.74 "," $25,083.20 ",," $265,959.51 "
 Westmoreland ," $4,275.80 "," $4,826.82 "," $4,344.15 "," $4,723.80 "," $4,835.22 "," $5,618.78 "," $4,986.68 "," $4,571.97 "," $4,756.61 "," $4,428.33 "," $3,850.82 "," $5,924.26 ",," $57,143.24 "
 Westwood ," $56,504.55 "," $55,788.71 "," $63,914.54 "," $53,863.06 "," $57,179.73 "," $58,124.82 "," $65,732.82 "," $66,023.22 "," $68,427.61 "," $62,234.14 "," $55,642.20 "," $77,490.31 ",," $740,925.71 "
 Westwood Hills ," $3,128.87 "," $2,450.27 "," $3,680.84 "," $2,831.09 "," $2,246.54 "," $1,864.87 "," $2,698.06 "," $2,037.98 "," $2,371.82 "," $2,227.70 "," $1,471.20 "," $2,759.10 ",," $29,768.34 "
 White Cloud , $-   , $-   , $-   , $-   , $21.21 , $264.31 , $438.51 , $364.23 , $588.76 , $282.15 ," $1,271.86 ", $588.57 ,," $3,819.60 "
 Whitewater ," $1,599.94 "," $2,131.75 "," $1,557.52 "," $1,645.96 "," $2,681.71 "," $2,818.37 "," $2,035.43 "," $3,364.25 "," $1,946.02 "," $1,673.44 "," $2,157.81 "," $2,353.50 ",," $25,965.70 "
 Willard , $99.23 , $112.42 , $129.42 , $94.51 , $128.70 , $175.24 , $103.65 , $103.00 , $228.48 , $63.14 , $108.44 , $150.06 ,," $1,496.29 "
 Williamsburg ," $1,223.23 "," $1,289.33 "," $1,214.73 "," $1,824.12 "," $2,681.28 "," $2,187.32 "," $1,787.52 "," $1,286.90 "," $1,605.12 "," $1,285.34 "," $1,313.01 "," $1,381.72 ",," $19,079.62 "
 Wilmore , $159.49 , $296.06 , $179.81 , $171.67 , $259.60 , $142.35 , $266.05 , $239.59 , $168.55 , $146.04 , $247.04 ," $3,201.49 ",," $5,477.74 "
 Wilson ," $4,430.49 "," $4,768.21 "," $5,070.54 "," $4,522.74 "," $4,553.10 "," $4,070.14 "," $7,051.50 "," $6,843.00 "," $7,562.16 "," $5,795.87 "," $6,251.23 "," $6,686.18 ",," $67,605.16 "
 Winchester , $970.96 ," $1,213.65 "," $1,173.94 "," $1,138.69 "," $1,186.40 "," $1,424.37 ", $965.21 , $993.95 ," $1,419.47 "," $1,049.24 "," $1,542.26 ", $992.05 ,," $14,070.19 "
 Winfield ," $255,172.68 "," $307,484.20 "," $268,703.95 "," $253,744.17 "," $303,837.77 "," $288,843.60 "," $281,369.52 "," $267,776.82 "," $278,505.98 "," $284,186.11 "," $279,597.92 "," $315,406.02 ",," $3,384,628.74 "
 Yates Center ," $25,344.48 "," $27,721.63 "," $28,961.44 "," $23,712.80 "," $26,503.64 "," $30,489.01 "," $29,538.18 "," $27,505.62 "," $29,946.26 "," $29,456.02 "," $13,462.65 "," $40,720.09 ",," $333,361.82 "
 Horsethief Reservior ," $185,353.44 "," $204,835.46 "," $196,291.95 "," $180,231.10 "," $227,216.94 "," $218,507.00 "," $220,402.40 "," $214,664.73 "," $224,493.94 "," $216,543.69 "," $185,057.88 "," $250,229.12 ",," $2,523,827.65 "
,,,,,,,,,,,,,,
 Statewide ," $82,801,842.26 "," $90,921,695.31 "," $84,388,501.33 "," $77,180,959.97 "," $95,590,630.56 "," $95,944,377.41 "," $95,659,479.83 "," $92,637,382.75 "," $98,138,284.83 "," $93,641,578.14 "," $83,040,261.89 "," $113,029,582.12 ",," $1,102,974,576.40 "
,,,,,,,,,,,,,,
 Washburn U. (in Shawnee Co) ," $1,578,794.10 "," $1,805,785.61 "," $1,626,946.66 "," $1,478,683.02 "," $1,920,571.93 "," $1,825,187.75 "," $1,838,200.81 "," $1,760,423.80 "," $1,883,967.03 "," $1,663,706.24 "," $1,546,919.20 "," $2,126,073.58 ",," $21,055,259.73 "
